MDLYR_DT,GBE_INDX_NUM,OV_ID,GBE_PLC_IND_CD,VC_RTD_HP_MSR,ECS_CD,TRNS
2009,1,L8JCD8152,N,235,,L6
2009,1,L8JCD8152,N,235,,L6
2009,3,L8JCD8152,N,235,,L6
2009,3,L8JCD8152,N,235,,L6
2009,4,L7JSC0243,N,173,,L4
2009,4,L7JSC0243,N,173,,L4
2009,201,L4PTC0806,N,220,,L4
2009,201,L4PTC0806,N,220,,L4
2009,202,L4PTC0810,N,220,,L4
2009,202,L4PTC0810,N,220,,L4
2009,202,L4PTC0813,N,220,,M4
2009,202,L4PTC0813,N,220,,M4
2009,202,L4PTC0813,N,220,,M4
2009,203,L6PMD7731,N,165,,M5
2009,203,L6PMD7731,N,165,,M5
2009,204,L6PMD7726,N,172,,AV
2009,204,L6PMD7726,N,172,,AV
2009,204,L6PMD7726,N,172,,AV
2009,205,L6MKJ9404,N,165,,AV
2009,205,L6MKJ9404,N,165,,AV
2009,206,L6MKJ9402,N,165,,M5
2009,206,L6MKJ9402,N,165,,M5
2009,207,L8PMD2616,N,280,,M6
2009,207,L8PMD2616,N,280,,M6
2009,208,L6MKJ9404,N,165,,AV
2009,208,L6MKJ9404,N,165,,AV
2009,209,L6MKJ9404,N,165,,AV
2009,209,L6MKJ9404,N,165,,AV
2009,211,L6MKJ9402,N,165,,M5
2009,211,L6MKJ9402,N,165,,M5
2009,212,L6MKJ9402,N,165,,M5
2009,212,L6MKJ9402,N,165,,M5
2009,214,L7JSC0243,N,150,,L4
2009,214,L7JSC0243,N,150,,L4
2009,215,L7JSC0249,N,190,,L4
2009,215,L7JSC0249,N,190,,L4
2009,217,L7JSC0249,N,190,,L4
2009,217,L7JSC0249,N,190,,L4
2009,218,K7JSC5477,N,200,,L4
2009,218,K7JSC5477,N,200,,L4
2009,219,V8JSC9249,N,235,,A6
2009,219,V8JSC9249,N,235,,A6
2009,220,L8RTK4885,N,170,,L4
2009,220,L8RTK4885,N,170,,L4
2009,220,L8RTK4885,N,170,,L4
2009,221,K8RTK0089,N,170,,L4
2009,221,K8RTK0089,N,170,,L4
2009,222,L8RTK4861,N,170,,L6
2009,222,L8RTK4861,N,170,,L6
2009,223,L8RTK4922,N,253,,L6
2009,223,L8RTK4922,N,253,,L6
2009,302,K5LXC6516,N,200,,L4
2009,302,K5LXC6516,N,200,,L4
2009,302,K5LXC6516,N,200,,L4
2009,302,K5LXC6516,N,200,,L4
2009,303,L6LXD6320,N,253,,L5
2009,303,L6LXD6320,N,253,,L5
2009,304,L9LXF5084,N,250,,L5
2009,304,L9LXF5084,N,250,,L5
2009,401,L9LXC6235,N,340,,L5
2009,401,L9LXC6235,N,340,,L5
2009,402,L9LCD3881,N,340,,M6
2009,402,L9LCD3881,N,340,,M6
2009,403,K5LXC6608,N,340,,L5
2009,403,K5LXC6608,N,340,,L5
2009,450,L9DS10852,N,345,,L5
2009,450,L9DS10852,N,345,,L5
2009,455,L9DS10852,N,345,,L5
2009,455,L9DS10852,N,345,,L5
2009,455,L9DS10852,N,345,,L5
2009,455,L9DS10852,N,345,,L5
2009,508,L9WKT2894,N,210,,L5
2009,508,L9WKT2894,N,210,,L5
2009,508,L9WKT2894,N,210,,L5
2009,508,L9WKT2894,N,210,,L5
2009,509,L9WKT2894,N,210,,L5
2009,509,L9WKT2894,N,210,,L5
2009,509,L9WKT2894,N,210,,L5
2009,509,L9WKT2894,N,210,,L5
2009,520,L7JKT9539,N,190,,L4
2009,520,L7JKT9539,N,190,,L4
2009,520,L7JKT9539,N,210,,L4
2009,520,L7JKT9539,N,210,,L4
2009,521,L7JKT9539,N,190,,L4
2009,521,L7JKT9539,N,190,,L4
2009,522,L7JKT9537,N,190,,M6
2009,522,L7JKT9537,N,190,,M6
2009,528,L7KA10570,N,210,,L4
2009,528,L7KA10570,N,210,,L4
2009,529,L7KA10570,N,210,,L4
2009,529,L7KA10570,N,210,,L4
2009,530,L7KA15076,N,260,,L5
2009,530,L7KA15076,N,260,,L5
2009,531,L7KA15076,N,260,,L5
2009,531,L7KA15076,N,260,,L5
2009,537,L5ND14804,N,210,,L4
2009,537,L5ND14804,N,210,,L4
2009,537,L9DS10846,N,215,,L4
2009,537,L9DS10846,N,215,,L4
2009,538,L5ND54825,N,215,,M6
2009,538,L5ND54825,N,215,,M6
2009,539,L5ND14803,N,210,,L4
2009,539,L5ND14803,N,210,,L4
2009,540,L5ND54825,N,215,,M6
2009,540,L5ND54825,N,215,,M6
2009,550,L8ND10890,N,295,,L5
2009,550,L8ND10890,N,295,,L5
2009,550,L8DR19263,N,295,,L5
2009,550,L8DR19263,N,295,,L5
2009,551,L9DS10848,N,310,,L5
2009,551,L9DS10848,N,310,,L5
2009,552,V6ND15059,N,235,,L5
2009,552,V6ND15059,N,235,,L5
2009,553,K8DR67387,N,295,,L5
2009,553,K8DR67387,N,295,,L5
2009,565,L6WKJ7428,N,425,,L5
2009,565,L6WKJ7428,N,425,,L5
2009,570,V5WKT7786,N,230,,L5
2009,570,V5WKT7786,N,230,,L5
2009,571,V5WKT7786,N,230,,L5
2009,571,V5WKT7786,N,230,,L5
2009,571,V5WKT7786,N,230,,L5
2009,571,V5WKT7786,N,230,,L5
2009,572,V6ND15059,N,235,,L5
2009,572,V6ND15059,N,235,,L5
2009,573,V6ND15059,N,235,,L5
2009,573,V6ND15059,N,235,,L5
2009,590,K9LCD6371,N,425,,M6
2009,590,K9LCD6371,N,425,,M6
2009,598,V8LXC0172,N,425,,L5
2009,598,V8LXC0172,N,425,,L5
2009,600,L8ZBD7285R,N,560,,M6
2009,600,L8ZBD7285R,N,560,,M6
2009,100,7ZF1-4.0-H-511,N,202,,L5
2009,100,7ZF1-4.0-H-511,N,202,,L5
2009,100,7ZF1-4.0-H-511,N,202,,L5
2009,100,7ZF1-4.0-H-511,N,202,,L5
2009,100,8ZF1-4.0-H-162,N,202,,L5
2009,100,8ZF1-4.0-H-162,N,202,,L5
2009,100,8ZF1-4.0-H-162,N,202,,L5
2009,100,8ZF1-4.0-H-162,N,202,,L5
2009,101,8ZF2-4.0-H-160,N,202,,M5
2009,101,8ZF2-4.0-H-160,N,202,,M5
2009,101,8ZF2-4.0-H-160,N,202,,M5
2009,101,8ZF2-4.0-H-160,N,202,,M5
2009,101,8ZF2-4.0-H-160,N,202,,M5
2009,101,8ZF2-4.0-H-160,N,202,,M5
2009,104,7ZF1-4.6-L-156,N,300,,L5
2009,104,7ZF1-4.6-L-156,N,300,,L5
2009,104,7ZF1-4.6-L-264,N,300,,L5
2009,104,7ZF1-4.6-L-264,N,300,,L5
2009,104,8ZF1-4.6-F-337,N,300,,L5
2009,104,8ZF1-4.6-F-337,N,300,,L5
2009,106,8ZF2-4.6-H-159,N,300,,M5
2009,106,8ZF2-4.6-H-159,N,300,,M5
2009,108,7ZF2-5.4-H-067,N,300,,M6
2009,108,7ZF2-5.4-H-067,N,300,,M6
2009,108,7ZF2-5.4-L-869,N,300,,M6
2009,108,7ZF2-5.4-L-869,N,300,,M6
2009,125,8AU1-2.0-C-967,N,138,,L4
2009,125,8AU1-2.0-C-967,N,138,,L4
2009,125,8AU1-2.0-C-967,N,132,,L4
2009,125,8AU1-2.0-C-967,N,132,,L4
2009,125,8AU1-2.0-F-966,N,138,,L4
2009,125,8AU1-2.0-F-966,N,138,,L4
2009,125,8AU1-2.0-F-966,N,138,,L4
2009,125,8AU1-2.0-F-966,N,138,,L4
2009,125,8AU1-2.0-L-313,N,140,,L4
2009,125,8AU1-2.0-L-313,N,140,,L4
2009,131,8AU2-2.0-L-323,N,138,,M5
2009,131,8AU2-2.0-L-323,N,138,,M5
2009,160,8DE1-2.3-H-407,N,160,,L5
2009,160,8DE1-2.3-H-407,N,160,,L5
2009,160,6DE1-2.3-C-404,N,160,,L5
2009,160,6DE1-2.3-C-404,N,160,,L5
2009,160,6DE1-2.3-C-404,N,160,,L5
2009,160,6DE1-2.3-C-404,N,160,,L5
2009,161,6DE2-2.3-L-502,N,160,,M5
2009,161,6DE2-2.3-L-502,N,160,,M5
2009,162,6DE1-3.0-F-128,N,217,,L6
2009,162,6DE1-3.0-F-128,N,217,,L6
2009,163,7DE1-3.0-C-408,N,221,,L6
2009,163,7DE1-3.0-C-408,N,221,,L6
2009,163,7DE1-3.0-C-408,N,221,,L6
2009,163,7DE1-3.0-C-408,N,221,,L6
2009,163,7DE1-3.0-F-401,N,210,,L6
2009,163,7DE1-3.0-F-401,N,210,,L6
2009,163,7DE1-3.0-F-401,N,210,,L6
2009,163,7DE1-3.0-F-401,N,210,,L6
2009,170,8DE1-2.3-H-407,N,160,,L5
2009,170,8DE1-2.3-H-407,N,160,,L5
2009,170,6DE1-2.3-C-404,N,160,,L5
2009,170,6DE1-2.3-C-404,N,160,,L5
2009,170,6DE1-2.3-C-404,N,160,,L5
2009,170,6DE1-2.3-C-404,N,160,,L5
2009,171,6DE2-2.3-L-502,N,160,,M5
2009,171,6DE2-2.3-L-502,N,160,,M5
2009,172,6DE1-3.0-F-128,N,217,,L6
2009,172,6DE1-3.0-F-128,N,217,,L6
2009,173,7DE1-3.0-C-408,N,221,,L6
2009,173,7DE1-3.0-C-408,N,221,,L6
2009,173,7DE1-3.0-C-408,N,221,,L6
2009,173,7DE1-3.0-C-408,N,221,,L6
2009,173,7DE1-3.0-F-401,N,210,,L6
2009,173,7DE1-3.0-F-401,N,210,,L6
2009,173,7DE1-3.0-F-401,N,210,,L6
2009,173,7DE1-3.0-F-401,N,210,,L6
2009,180,8PG1-3.5-H-100,N,265,,L6
2009,180,8PG1-3.5-H-100,N,265,,L6
2009,181,8PG1-3.5-H-105,N,265,,L6
2009,181,8PG1-3.5-H-105,N,265,,L6
2009,190,9LE3-3.7-H-829,N,270,,L6
2009,190,9LE3-3.7-H-829,N,270,,L6
2009,190,9LE3-3.7-H-829,N,270,,L6
2009,190,9LE3-3.7-H-829,N,270,,L6
2009,191,9LE3-3.7-H-829,N,270,,L6
2009,191,9LE3-3.7-H-829,N,270,,L6
2009,191,9LE3-3.7-H-829,N,270,,L6
2009,191,9LE3-3.7-H-829,N,270,,L6
2009,312,9P31-3.5-H-733,N,262,,L6
2009,312,9P31-3.5-H-733,N,262,,L6
2009,313,7Q11-3.5-C-064,N,265,,L6
2009,313,7Q11-3.5-C-064,N,265,,L6
2009,314,8PG1-3.5-H-100,N,265,,L6
2009,314,8PG1-3.5-H-100,N,265,,L6
2009,315,8PG1-3.5-H-105,N,265,,L6
2009,315,8PG1-3.5-H-105,N,265,,L6
2009,317,8PG1-3.5-H-100,N,265,,L6
2009,317,8PG1-3.5-H-100,N,265,,L6
2009,318,8PG1-3.5-H-105,N,265,,L6
2009,318,8PG1-3.5-H-105,N,265,,L6
2009,327,9FB1-4.6-L-893,Y,250,,L4
2009,327,9FB1-4.6-L-893,Y,250,,L4
2009,329,9FB1-4.6-L-893,Y,250,,L4
2009,329,9FB1-4.6-L-893,Y,250,,L4
2009,330,9FP1-4.6-H-891,N,234,,L4
2009,330,9FP1-4.6-H-891,N,234,,L4
2009,330,9VC1-4.6-L-873,N,234,,L4
2009,330,9VC1-4.6-L-873,N,234,,L4
2009,331,9FP1-4.6-H-891,N,234,,L4
2009,331,9FP1-4.6-H-891,N,234,,L4
2009,331,9VC1-4.6-L-873,N,234,,L4
2009,331,9VC1-4.6-L-873,N,234,,L4
2009,351,9FP1-4.6-H-891,N,234,,L4
2009,351,9FP1-4.6-H-891,N,234,,L4
2009,351,9VC1-4.6-L-873,N,234,,L4
2009,351,9VC1-4.6-L-873,N,234,,L4
2009,352,9FP1-4.6-H-891,N,234,,L4
2009,352,9FP1-4.6-H-891,N,234,,L4
2009,352,9VC1-4.6-L-873,N,234,,L4
2009,352,9VC1-4.6-L-873,N,234,,L4
2009,426,9FP1-4.6-H-891,N,234,,L4
2009,426,9FP1-4.6-H-891,N,234,,L4
2009,426,9VC1-4.6-L-873,N,234,,L4
2009,426,9VC1-4.6-L-873,N,234,,L4
2009,427,9FP1-4.6-H-891,N,234,,L4
2009,427,9FP1-4.6-H-891,N,234,,L4
2009,427,9VC1-4.6-L-873,N,234,,L4
2009,427,9VC1-4.6-L-873,N,234,,L4
2009,500,9P31-3.5-H-733,N,262,,L6
2009,500,9P31-3.5-H-733,N,262,,L6
2009,501,9P31-3.5-H-733,N,262,,L6
2009,501,9P31-3.5-H-733,N,262,,L6
2009,501,9P31-3.5-H-733,N,262,,L6
2009,501,9P31-3.5-H-733,N,262,,L6
2009,600,8KA10592,N,171,,L6
2009,600,8KA10592,N,171,,L6
2009,601,9M71-2.5-F-775,N,171,,L6
2009,601,9M71-2.5-F-775,N,171,,L6
2009,601,9M71-2.5-F-775,N,171,,L6
2009,601,9M71-2.5-L-865,N,171,,L6
2009,601,9M71-2.5-L-865,N,171,,L6
2009,602,9KA00020,N,171,,M5
2009,602,9KA00020,N,171,,M5
2009,604,9M71-3.0-L-870,N,240,,L6
2009,604,9M71-3.0-L-870,N,240,,L6
2009,605,9M71-3.0-F-776,N,240,,L6
2009,605,9M71-3.0-L-870,N,240,,L6
2009,605,9M71-3.0-L-870,N,240,,L6
2009,606,9M71-2.5-C-792,N,155,,AV
2009,606,9M71-2.5-C-792,N,155,,AV
2009,607,9KA00034,N,155,,AV
2009,607,9KA00034,N,155,,AV
2009,608,8KA10592,N,171,,L6
2009,608,8KA10592,N,171,,L6
2009,609,9M71-2.5-F-775,N,171,,L6
2009,609,9M71-2.5-F-775,N,171,,L6
2009,609,9M71-2.5-F-775,N,171,,L6
2009,609,9M71-2.5-L-865,N,171,,L6
2009,609,9M71-2.5-L-865,N,171,,L6
2009,612,9M71-3.0-L-870,N,240,,L6
2009,612,9M71-3.0-L-870,N,240,,L6
2009,613,9M71-3.0-F-776,N,240,,L6
2009,613,9M71-3.0-L-870,N,240,,L6
2009,613,9M71-3.0-L-870,N,240,,L6
2009,614,9KA00034,N,155,,AV
2009,614,9KA00034,N,155,,AV
2009,615,9M71-2.5-C-792,N,155,,AV
2009,615,9M71-2.5-C-792,N,155,,AV
2009,700,7U51-4.0-H-799,N,210,,L5
2009,700,7U51-4.0-H-799,N,210,,L5
2009,701,7U51-4.0-H-801,N,210,,L5
2009,701,7U51-4.0-H-801,N,210,,L5
2009,701,7U51-4.0-H-801,N,210,,L5
2009,701,7U51-4.0-H-801,N,210,,L5
2009,701,7U51-4.0-H-801,N,210,,L5
2009,701,7U51-4.0-H-801,N,210,,L5
2009,702,9U51-4.6-H-851,N,292,,L6
2009,702,9U51-4.6-H-851,N,292,,L6
2009,702,9F61-4.6-L-876,N,292,,L6
2009,702,9F61-4.6-L-876,N,292,,L6
2009,703,9U51-4.6-C-798,N,292,,L6
2009,703,9U51-4.6-C-798,N,292,,L6
2009,703,9U51-4.6-H-849,N,292,,L6
2009,703,9U51-4.6-H-849,N,292,,L6
2009,704,7U51-4.0-H-799,N,210,,L5
2009,704,7U51-4.0-H-799,N,210,,L5
2009,705,7U51-4.0-H-801,N,210,,L5
2009,705,7U51-4.0-H-801,N,210,,L5
2009,705,7U51-4.0-H-801,N,210,,L5
2009,705,7U51-4.0-H-801,N,210,,L5
2009,705,7U51-4.0-H-801,N,210,,L5
2009,705,7U51-4.0-H-801,N,210,,L5
2009,706,9U51-4.6-H-851,N,292,,L6
2009,706,9U51-4.6-H-851,N,292,,L6
2009,706,9F61-4.6-L-876,N,292,,L6
2009,706,9F61-4.6-L-876,N,292,,L6
2009,707,9U51-4.6-C-798,N,292,,L6
2009,707,9U51-4.6-C-798,N,292,,L6
2009,707,9U51-4.6-H-849,N,292,,L6
2009,707,9U51-4.6-H-849,N,292,,L6
2009,708,7U51-4.0-H-799,N,210,,L5
2009,708,7U51-4.0-H-799,N,210,,L5
2009,709,7U51-4.0-H-801,N,210,,L5
2009,709,7U51-4.0-H-801,N,210,,L5
2009,709,7U51-4.0-H-801,N,210,,L5
2009,709,7U51-4.0-H-801,N,210,,L5
2009,709,7U51-4.0-H-801,N,210,,L5
2009,709,7U51-4.0-H-801,N,210,,L5
2009,710,9U51-4.6-H-851,N,292,,L6
2009,710,9U51-4.6-H-851,N,292,,L6
2009,710,9F61-4.6-L-876,N,292,,L6
2009,710,9F61-4.6-L-876,N,292,,L6
2009,711,9U51-4.6-C-798,N,292,,L6
2009,711,9U51-4.6-C-798,N,292,,L6
2009,711,9U51-4.6-H-849,N,292,,L6
2009,711,9U51-4.6-H-849,N,292,,L6
2009,730,9P31-3.5-H-733,N,262,,L6
2009,730,9P31-3.5-H-733,N,262,,L6
2009,731,7Q11-3.5-C-064,N,265,,L6
2009,731,7Q11-3.5-C-064,N,265,,L6
2009,740,9P31-3.5-H-733,N,262,,L6
2009,740,9P31-3.5-H-733,N,262,,L6
2009,741,7Q11-3.5-C-064,N,265,,L6
2009,741,7Q11-3.5-C-064,N,265,,L6
2009,800,9B71-5.4-H-897,N,310,,L6
2009,800,9B71-5.4-H-897,N,310,,L6
2009,800,9B71-5.4-H-897,N,310,,L6
2009,801,9B71-5.4-H-897,N,310,,L6
2009,801,9B71-5.4-H-897,N,310,,L6
2009,803,9B71-5.4-H-897,N,310,,L6
2009,803,9B71-5.4-H-897,N,310,,L6
2009,803,9B71-5.4-H-897,N,310,,L6
2009,804,9B71-5.4-H-897,N,310,,L6
2009,804,9B71-5.4-H-897,N,310,,L6
2009,821,9F61-4.6-J-808,N,248,,L4
2009,821,9F61-4.6-J-808,N,248,,L4
2009,821,9F61-4.6-J-808,N,248,,L4
2009,821,9F61-4.6-J-808,N,248,,L4
2009,821,9F61-4.6-J-808,N,248,,L4
2009,821,9F61-4.6-J-808,N,248,,L4
2009,821,9F61-4.6-J-808,N,248,,L4
2009,821,9F61-4.6-J-808,N,248,,L4
2009,821,9F61-4.6-J-808,N,248,,L4
2009,821,9F61-4.6-J-808,N,248,,L4
2009,821,9F61-4.6-J-808,N,248,,L4
2009,821,9F61-4.6-J-808,N,248,,L4
2009,823,9F61-4.6-L-876,N,292,,L6
2009,823,9F61-4.6-L-876,N,292,,L6
2009,823,9F61-4.6-L-876,N,292,,L6
2009,823,9F61-4.6-L-876,N,292,,L6
2009,823,9F61-4.6-L-876,N,292,,L6
2009,823,9F61-4.6-L-876,N,292,,L6
2009,824,9F61-4.6-J-808,N,248,,L4
2009,824,9F61-4.6-J-808,N,248,,L4
2009,824,9F61-4.6-J-808,N,248,,L4
2009,824,9F61-4.6-J-808,N,248,,L4
2009,824,9F61-4.6-J-808,N,248,,L4
2009,824,9F61-4.6-J-808,N,248,,L4
2009,824,9F61-4.6-J-808,N,248,,L4
2009,824,9F61-4.6-J-808,N,248,,L4
2009,826,9U51-4.6-H-851,N,292,,L6
2009,826,9U51-4.6-H-851,N,292,,L6
2009,826,9F61-4.6-L-876,N,292,,L6
2009,826,9F61-4.6-L-876,N,292,,L6
2009,827,9F61-4.6-L-876,N,292,,L6
2009,827,9F61-4.6-L-876,N,292,,L6
2009,828,9B71-5.4-H-897,N,310,,L6
2009,828,9B71-5.4-H-897,N,310,,L6
2009,828,9B71-5.4-H-897,N,310,,L6
2009,828,9KA00164,N,310,,L6
2009,828,9KA00164,N,310,,L6
2009,828,9KA00164,N,310,,L6
2009,828,9KA00164,N,310,,L6
2009,829,9KA00153,N,310,,L6
2009,829,9KA00153,N,310,,L6
2009,829,9KA00153,N,310,,L6
2009,829,9KA00153,N,310,,L6
2009,829,9KA00153,N,310,,L6
2009,829,9KA00153,N,310,,L6
2009,829,9KA00153,N,310,,L6
2009,829,9KA00153,N,310,,L6
2009,829,9KA00153,N,310,,L6
2009,829,9KA00153,N,310,,L6
2009,830,9B71-5.4-H-897,N,310,,L6
2009,830,9B71-5.4-H-897,N,310,,L6
2009,830,9KA00164,N,310,,L6
2009,830,9KA00164,N,310,,L6
2009,830,9KA00164,N,310,,L6
2009,830,9KA00164,N,310,,L6
2009,831,9KA00153,N,310,,L6
2009,831,9KA00153,N,310,,L6
2009,831,9KA00153,N,310,,L6
2009,831,9KA00153,N,310,,L6
2009,831,9KA00153,N,310,,L6
2009,831,9KA00153,N,310,,L6
2009,831,9KA00153,N,310,,L6
2009,831,9KA00153,N,310,,L6
2009,831,9KA00153,N,310,,L6
2009,831,9KA00153,N,310,,L6
2009,900,7R31-2.3-C-471,N,143,,L5
2009,900,7R31-2.3-C-471,N,143,,L5
2009,900,7R31-2.3-F-470,N,143,,L5
2009,900,7R31-2.3-F-470,N,143,,L5
2009,900,7R31-2.3-H-628,N,143,,L5
2009,900,7R31-2.3-H-628,N,143,,L5
2009,902,7R32-2.3-H-632,N,143,,M5
2009,902,7R32-2.3-H-632,N,143,,M5
2009,907,7R31-4.0-C-475,N,207,,L5
2009,907,7R31-4.0-C-475,N,207,,L5
2009,907,7R31-4.0-C-475,N,207,,L5
2009,907,7R31-4.0-C-475,N,207,,L5
2009,908,7R31-4.0-L-650,N,207,,L5
2009,908,7R31-4.0-L-650,N,207,,L5
2009,908,7R31-4.0-L-650,N,207,,L5
2009,908,7R31-4.0-L-650,N,207,,L5
2009,909,7R32-4.0-L-659,N,207,,M5
2009,909,7R32-4.0-L-659,N,207,,M5
2009,910,7R32-4.0-L-656,N,207,,M5
2009,910,7R32-4.0-L-656,N,207,,M5
2009,950,9KA00020,N,171,,M5
2009,950,9KA00020,N,171,,M5
2009,951,9M71-2.5-F-775,N,171,,L6
2009,951,9M71-2.5-F-775,N,171,,L6
2009,951,9M71-2.5-F-775,N,171,,L6
2009,951,9M71-2.5-L-865,N,171,,L6
2009,951,9M71-2.5-L-865,N,171,,L6
2009,952,8KA10592,N,171,,L6
2009,952,8KA10592,N,171,,L6
2009,955,9M71-3.0-F-776,N,240,,L6
2009,955,9M71-3.0-L-870,N,240,,L6
2009,955,9M71-3.0-L-870,N,240,,L6
2009,956,9M71-3.0-L-870,N,240,,L6
2009,956,9M71-3.0-L-870,N,240,,L6
2009,957,9KA00034,N,155,,AV
2009,957,9KA00034,N,155,,AV
2009,959,9M71-2.5-C-792,N,155,,AV
2009,959,9M71-2.5-C-792,N,155,,AV
2009,960,7R31-2.3-C-471,N,143,,L5
2009,960,7R31-2.3-C-471,N,143,,L5
2009,960,7R31-2.3-F-470,N,143,,L5
2009,960,7R31-2.3-F-470,N,143,,L5
2009,960,7R31-2.3-H-628,N,143,,L5
2009,960,7R31-2.3-H-628,N,143,,L5
2009,962,7R32-2.3-H-632,N,143,,M5
2009,962,7R32-2.3-H-632,N,143,,M5
2009,969,7R31-4.0-C-475,N,207,,L5
2009,969,7R31-4.0-C-475,N,207,,L5
2009,969,7R31-4.0-C-475,N,207,,L5
2009,969,7R31-4.0-C-475,N,207,,L5
2009,971,7R32-4.0-L-659,N,207,,M5
2009,971,7R32-4.0-L-659,N,207,,M5
2009,100,2018AP8009,N,260,,M5
2009,100,2018AP8009,N,260,,M5
2009,100,2018AP8009,N,260,,M5
2009,100,2018AP8009,N,260,,M5
2009,101,7016YN1020,N,505,,M6
2009,101,7016YN1020,N,505,,M6
2009,102,4468Y77637,N,469,,S6
2009,102,4468Y77637,N,469,,S6
2009,103,4667DP4012,N,320,,S6
2009,103,4667DP4012,N,320,,S6
2009,104,4668D83204,N,320,,S6
2009,104,4668D83204,N,320,,S6
2009,105,2489ZN4101,N,175,,S6
2009,105,2489ZN4101,N,175,,S6
2009,106,6216Y00050,N,420,,M6
2009,106,6216Y00050,N,420,,M6
2009,106,6216Y00050,N,420,,S6
2009,106,6216Y00050,N,420,,S6
2009,107,6216Y00043,N,420,,M6
2009,107,6216Y00043,N,420,,M6
2009,108,3418L52829,N,185,,L5
2009,108,3418L52829,N,185,,L5
2009,108,3427LN5242,N,185,,L5
2009,108,3427LN5242,N,185,,L5
2009,109,3427LN5242,N,185,,L5
2009,109,3427LN5242,N,185,,L5
2009,110,3618L56425,N,250,,S6
2009,110,3618L56425,N,250,,S6
2009,111,3687UP8002,N,267,,L6
2009,111,3687UP8002,N,267,,L6
2009,112,60X0V8P141,N,360,,S6
2009,112,60X0V8P141,N,360,,S6
2009,113,3628R54746,N,255,,S5
2009,113,3628R54746,N,255,,S5
2009,114,3825WN4008,N,200,,L4
2009,114,3825WN4008,N,200,,L4
2009,115,3689LN8074,N,252,,S6
2009,115,3689LN8074,N,252,,S6
2009,116,2488LP8032,N,163,,L4
2009,116,2488LP8032,N,163,,L4
2009,117,3917W74683,Y,240,,L4
2009,117,3917W74683,Y,240,,L4
2009,118,3917W74683,Y,240,,L4
2009,118,3917W74683,Y,240,,L4
2009,119,2087MN1024,N,260,,L5
2009,119,2087MN1024,N,260,,L5
2009,119,2087MN1024,N,260,,L5
2009,119,2087MN1024,N,260,,L5
2009,120,2026M17534,N,260,,M5
2009,120,2026M17534,N,260,,M5
2009,121,2219AN8021,N,148,,A4
2009,121,2219AN8021,N,148,,A4
2009,122,221941181,N,148,,M5
2009,122,221941181,N,148,,M5
2009,122,221941181,N,148,,M5
2009,122,221941181,N,148,,M5
2009,124,4666K21389,N,275,,L4
2009,124,4666K21389,N,275,,L4
2009,125,3949HN8000,N,236,,L4
2009,125,3949HN8000,N,236,,L4
2009,126,3949HN8000,N,236,,L4
2009,126,3949HN8000,N,236,,L4
2009,127,3949HN8009,N,236,,L4
2009,127,3949HN8009,N,236,,L4
2009,128,3668E86946,N,255,,S5
2009,128,3668E86946,N,255,,S5
2009,129,36X64D5467,N,255,,L5
2009,129,36X64D5467,N,255,,L5
2009,130,4667EP8000,N,315,,S6
2009,130,4667EP8000,N,315,,S6
2009,131,4666E26331,N,320,,S6
2009,131,4666E26331,N,320,,S6
2009,132,3668D64024,N,300,,S6
2009,132,3668D64024,N,300,,S6
2009,133,3668D64024,N,300,,S6
2009,133,3668D64024,N,300,,S6
2009,133,3668D64024,N,300,,S6
2009,133,3668D64024,N,300,,S6
2009,134,4467D61354,N,469,,S6
2009,134,4467D61354,N,469,,S6
2009,135,2487MN1003,N,177,,L5
2009,135,2487MN1003,N,177,,L5
2009,135,2487ZN1000,N,177,,L5
2009,135,2487ZN1000,N,177,,L5
2009,136,2426M14814,N,177,,M5
2009,136,2426M14814,N,177,,M5
2009,137,2018AN8050,N,260,,L4
2009,137,2018AN8050,N,260,,L4
2009,138,2018AP8009,N,260,,M5
2009,138,2018AP8009,N,260,,M5
2009,139,3588LP8047,N,220,,L6
2009,139,3588LP8047,N,220,,L6
2009,140,2488LN8043,N,170,,L4
2009,140,2488LN8043,N,170,,L4
2009,141,18Z8A00676,N,138,,L4
2009,141,18Z8A00676,N,138,,L4
2009,142,1888AP3000,N,138,,M5
2009,142,1888AP3000,N,138,,M5
2009,143,4666K21389,N,275,,L4
2009,143,4666K21389,N,275,,L4
2009,143,4666KN4017,N,275,,L4
2009,143,4666KN4017,N,275,,L4
2009,143,4666KN4017,N,275,,L4
2009,143,4666KN4017,N,275,,L4
2009,144,3668D74330,N,255,,M6
2009,144,3668D74330,N,255,,M6
2009,144,3668D74330,N,255,,M6
2009,144,3668D74330,N,255,,M6
2009,145,53X25WN416,N,290,,L4
2009,145,53X25WN416,N,290,,L4
2009,146,3688LP8036,N,252,,L6
2009,146,3688LP8036,N,252,,L6
2009,147,3688LP8036,N,252,,L6
2009,147,3688LP8036,N,252,,L6
2009,148,3668D74329,N,255,,S6
2009,148,3668D74329,N,255,,S6
2009,149,3668D74329,N,255,,S6
2009,149,3668D74329,N,255,,S6
2009,150,3668D76588,N,300,,M6
2009,150,3668D76588,N,300,,M6
2009,150,3668D76588,N,300,,M6
2009,150,3668D76588,N,300,,M6
2009,151,2418Z42999,N,175,,L4
2009,151,2418Z42999,N,175,,L4
2009,152,3518W16997,N,211,,L4
2009,152,3518W16997,N,211,,L4
2009,153,3518W16997,N,211,,L4
2009,153,3518W16997,N,211,,L4
2009,154,2418Z46934,N,170,,L4
2009,154,2418Z46934,N,170,,L4
2009,155,36Z7Z61548,N,250,,S6
2009,155,36Z7Z61548,N,250,,S6
2009,156,3926Z12905,N,240,,S4
2009,156,3926Z12905,N,240,,S4
2009,157,3528Z56360,N,224,,S4
2009,157,3528Z56360,N,224,,S4
2009,158,3518W34362,N,211,,L4
2009,158,3518W34362,N,211,,L4
2009,159,3689ZP8000,N,288,,L6
2009,159,3689ZP8000,N,288,,L6
2009,160,3689ZP8000,N,288,,L6
2009,160,3689ZP8000,N,288,,L6
2009,160,3689ZP8000,N,288,,L6
2009,160,3689ZP8000,N,288,,L6
2009,161,2219AN8021,N,148,,A4
2009,161,2219AN8021,N,148,,A4
2009,161,2219AN8021,N,148,,A4
2009,161,2219AN8021,N,148,,A4
2009,161,2219AN8021,N,148,,A4
2009,161,2219AN8021,N,148,,A4
2009,162,2219AN8021,N,148,,A4
2009,162,2219AN8021,N,148,,A4
2009,162,2219AN8021,N,148,,A4
2009,162,2219AN8021,N,148,,A4
2009,163,2219AP8015,N,148,,M5
2009,163,2219AP8015,N,148,,M5
2009,163,2219AP8015,N,148,,M5
2009,163,2219AP8015,N,148,,M5
2009,163,2219AP8015,N,148,,M5
2009,163,2219AP8015,N,148,,M5
2009,164,2219AP8015,N,148,,M5
2009,164,2219AP8015,N,148,,M5
2009,164,2219AP8015,N,148,,M5
2009,164,2219AP8015,N,148,,M5
2009,165,2419A43414,N,175,,L4
2009,165,2419A43414,N,175,,L4
2009,165,2419A43414,N,175,,L4
2009,165,2419A43414,N,175,,L4
2009,166,2419A43414,N,175,,L4
2009,166,2419A43414,N,175,,L4
2009,168,2419AP8018,N,175,,M5
2009,168,2419AP8018,N,175,,M5
2009,169,2419AP8018,N,175,,M5
2009,169,2419AP8018,N,175,,M5
2009,172,6216Y15822,N,620,,M6
2009,172,6216Y15822,N,620,,M6
2009,176,28X8P5086,N,250,,S6
2009,176,28X8P5086,N,250,,S6
2009,176,28X8P5086,N,250,,S6
2009,176,28X8P5086,N,250,,S6
2009,177,28XJ355,N,280,,S6
2009,177,28XJ355,N,280,,S6
2009,177,28XJ355,N,280,,S6
2009,177,28XJ355,N,280,,S6
2009,177,28XJ355,N,280,,S6
2009,177,28XJ355,N,280,,S6
2009,177,28XJ355,N,280,,S6
2009,177,28XJ355,N,280,,S6
2009,178,28P3799,N,250,,M6
2009,178,28P3799,N,250,,M6
2009,179,P5227,N,280,,M6
2009,179,P5227,N,280,,M6
2009,180,20P5094,N,210,,S5
2009,180,20P5094,N,210,,S5
2009,180,20X779020,N,210,,S5
2009,180,20X779020,N,210,,S5
2009,181,P3934,N,210,,M6
2009,181,P3934,N,210,,M6
2009,181,P5286,N,210,,M6
2009,181,P5286,N,210,,M6
2009,182,20XP5309,N,210,,S6
2009,182,20XP5309,N,210,,S6
2009,182,20XP5309,N,210,,S6
2009,182,20XP5309,N,210,,S6
2009,182,20XP5309,N,210,,S6
2009,182,20XP5309,N,210,,S6
2009,182,20XP5309,N,210,,S6
2009,182,20XP5309,N,210,,S6
2009,183,P5286,N,210,,M6
2009,183,P5286,N,210,,M6
2009,183,P5286,N,210,,M6
2009,183,P5286,N,210,,M6
2009,184,23X779017,N,260,,S5
2009,184,23X779017,N,260,,S5
2009,185,P4077,N,260,,M5
2009,185,P4077,N,260,,M5
2009,800,42XESU5414,N,275,,L4
2009,800,42XESU5414,N,275,,L4
2009,801,42XESU5414,N,275,,L4
2009,801,42XESU5414,N,275,,L4
2009,802,60XESU8536,N,395,,L4
2009,802,60XESU8536,N,395,,L4
2009,803,60XESU8536,N,390,,L4
2009,803,60XESU8536,N,390,,L4
2009,803,60XESU8536,N,395,,L4
2009,803,60XESU8536,N,395,,L4
2009,804,37XESP9600,N,245,,L4
2009,804,37XESP9600,N,245,,L4
2009,804,37XESP9600,N,245,,L4
2009,804,37XESP9600,N,245,,L4
2009,804,37XESP9600,N,245,,L4
2009,804,37XESP9600,N,245,,L4
2009,805,37XESP9600,N,245,,L4
2009,805,37XESP9600,N,245,,L4
2009,805,37XESP9600,N,245,,L4
2009,805,37XESP9600,N,245,,L4
2009,806,29XESP8098,N,190,,L4
2009,806,29XESP8098,N,190,,L4
2009,806,29XESP8098,N,190,,L4
2009,806,29XESP8098,N,190,,L4
2009,807,29XESP8098,N,190,,L4
2009,807,29XESP8098,N,190,,L4
2009,808,53XESP9602,N,300,,L4
2009,808,53XESP9602,N,300,,L4
2009,808,53XESP9602,N,300,,L4
2009,808,53XESP9602,N,300,,L4
2009,809,53XESP9602,N,300,,L4
2009,809,53XESP9602,N,300,,L4
2009,810,60XECU8122,N,332,,AV
2009,810,60XECU8122,N,332,,AV
2009,810,60XECU8122,N,332,,AV
2009,811,60XECU8122,N,332,,AV
2009,811,60XECU8122,N,332,,AV
2009,811,60XECU8122,N,332,,AV
2009,812,37XEHU9130,N,245,,L4
2009,812,37XEHU9130,N,245,,L4
2009,813,37XEHU9132,N,245,,M5
2009,813,37XEHU9132,N,245,,M5
2009,813,37XEHU9132,N,245,,M5
2009,813,37XEHU9132,N,245,,M5
2009,814,53XEHU9135,N,300,,L4
2009,814,53XEHU9135,N,300,,L4
2009,814,53XEHU9028,N,300,,L4
2009,814,53XEHU9028,N,300,,L4
2009,814,53XEHU9135,N,300,,L4
2009,814,53XEHU9135,N,300,,L4
2009,820,53XEHP8807,N,301,,L4
2009,820,53XEHP8807,N,301,,L4
2009,820,53XEGC9005,N,301,,L4
2009,820,53XEGC9005,N,301,,L4
2009,820,53XEGC9005,N,301,,L4
2009,820,53XEGC9005,N,301,,L4
2009,821,53XEGC9005,N,301,,L4
2009,821,53XEGC9005,N,301,,L4
2009,821,53XEHP8807,N,301,,L4
2009,821,53XEHP8807,N,301,,L4
2009,822,53XEHP8807,N,301,,L4
2009,822,53XEHP8807,N,301,,L4
2009,822,53XEGC9005,N,301,,L4
2009,822,53XEGC9005,N,301,,L4
2009,823,53XEHP8807,N,301,,L4
2009,823,53XEHP8807,N,301,,L4
2009,823,53XEGC8824,N,315,,L4
2009,823,53XEGC8824,N,315,,L4
2009,824,53XEGC9005,N,301,,L4
2009,824,53XEGC9005,N,301,,L4
2009,824,53XEHP8807,N,301,,L4
2009,824,53XEHP8807,N,301,,L4
2009,825,53XEGC8824,N,315,,L4
2009,825,53XEGC8824,N,315,,L4
2009,825,53XEHP8807,N,301,,L4
2009,825,53XEHP8807,N,301,,L4
2009,830,53XECP9013,N,320,,L6
2009,830,53XECP9013,N,320,,L6
2009,830,53XECP9013,N,320,,L6
2009,830,53XECP9013,N,320,,L6
2009,830,53XECP9013,N,320,,L6
2009,830,53XECP9013,N,320,,L6
2009,831,53XECP9013,N,320,,L6
2009,831,53XECP9013,N,320,,L6
2009,831,53XECP9013,N,320,,L6
2009,831,53XECP9013,N,320,,L6
2009,831,53XECP9013,N,320,,L6
2009,831,53XECP9013,N,320,,L6
2009,832,53XECP9013,N,320,,L6
2009,832,53XECP9013,N,320,,L6
2009,832,53XECP9013,N,320,,L6
2009,832,53XECP9013,N,320,,L6
2009,832,53XECP9013,N,320,,L6
2009,832,53XECP9013,N,320,,L6
2009,833,53XECP9013,N,320,,L6
2009,833,53XECP9013,N,320,,L6
2009,833,53XECP9013,N,320,,L6
2009,833,53XECP9013,N,320,,L6
2009,833,53XECP9013,N,320,,L6
2009,833,53XECP9013,N,320,,L6
2009,834,53XECR7162,N,310,,L4
2009,834,53XECR7162,N,310,,L4
2009,834,53XECR7162,N,310,,L4
2009,834,53XECR7162,N,310,,L4
2009,835,53XECR7162,N,310,,L4
2009,835,53XECR7162,N,310,,L4
2009,835,53XECR7162,N,310,,L4
2009,835,53XECR7162,N,310,,L4
2009,835,53XEKP8268,N,310,,L4
2009,835,53XEKP8268,N,310,,L4
2009,836,53XEKP8268,N,320,,L4
2009,836,53XEKP8268,N,320,,L4
2009,836,53XEKP8268,N,320,,L4
2009,836,53XEKP8268,N,320,,L4
2009,837,53XEKP8268,N,320,,L4
2009,837,53XEKP8268,N,320,,L4
2009,837,53XEKP8268,N,310,,L4
2009,837,53XEKP8268,N,310,,L4
2009,837,53XEKP8268,N,310,,L4
2009,837,53XEKP8268,N,310,,L4
2009,838,43C6C30928,N,195,,L4
2009,838,43C6C30928,N,195,,L4
2009,838,43C6C30928,N,195,,L4
2009,838,43C6C30928,N,195,,L4
2009,839,43C6C30928,N,195,,L4
2009,839,43C6C30928,N,195,,L4
2009,840,48XECP5132,N,270,,L4
2009,840,48XECP5132,N,270,,L4
2009,840,48XECP5132,N,270,,L4
2009,840,48XECP5132,N,270,,L4
2009,840,48XECP5132,N,270,,L4
2009,840,48XECP5132,N,270,,L4
2009,841,48XECP5132,N,270,,L4
2009,841,48XECP5132,N,270,,L4
2009,841,48XECP5132,N,270,,L4
2009,841,48XECP5132,N,270,,L4
2009,841,48XECP5132,N,270,,L4
2009,841,48XECP5132,N,270,,L4
2009,842,62XEKS7281,N,400,,L6
2009,842,62XEKS7281,N,400,,L6
2009,842,62XEKS7281,N,400,,L6
2009,842,62XEKS7281,N,400,,L6
2009,843,62XECP9062,N,403,,L6
2009,843,62XECP9062,N,403,,L6
2009,843,62XECP9062,N,403,,L6
2009,843,62XECP9062,N,403,,L6
2009,844,62XEKS7281,N,400,,L6
2009,844,62XEKS7281,N,400,,L6
2009,845,62XECP9062,N,403,,L6
2009,845,62XECP9062,N,403,,L6
2009,846,53XECP9013,N,320,,L6
2009,846,53XECP9013,N,320,,L6
2009,846,53XECP9013,N,320,,L6
2009,846,53XECP9013,N,320,,L6
2009,846,53XECP9013,N,320,,L6
2009,846,53XECP9013,N,320,,L6
2009,847,53XECP9013,N,320,,L6
2009,847,53XECP9013,N,320,,L6
2009,847,53XECP9013,N,320,,L6
2009,847,53XECP9013,N,320,,L6
2009,847,53XECP9013,N,320,,L6
2009,847,53XECP9013,N,320,,L6
2009,848,53C7K16856,N,310,,L4
2009,848,53C7K16856,N,310,,L4
2009,848,53XESU9509,N,300,,L4
2009,848,53XESU9509,N,300,,L4
2009,848,53XESU9509,N,300,,L4
2009,848,53XESU9509,N,300,,L4
2009,849,53XESU9509,N,300,,L4
2009,849,53XESU9509,N,300,,L4
2009,849,53C7K16856,N,310,,L4
2009,849,53C7K16856,N,310,,L4
2009,849,53XECR7162,N,310,,L4
2009,849,53XECR7162,N,310,,L4
2009,850,60XEKS9015,N,366,,L6
2009,850,60XEKS9015,N,366,,L6
2009,850,60XEKS9015,N,366,,L6
2009,850,60XEKS9015,N,366,,L6
2009,850,60XEKS9015,N,366,,L6
2009,851,60XEKS9015,N,366,,L6
2009,851,60XEKS9015,N,366,,L6
2009,851,60XEKS9015,N,366,,L6
2009,851,60XEKS9015,N,366,,L6
2009,851,60XEKS9015,N,366,,L6
2009,860,53XECR7162,Y,310,,L4
2009,860,53XECR7162,Y,310,,L4
2009,861,53XEKP8268,Y,310,,L4
2009,861,53XEKP8268,Y,310,,L4
2009,862,53XECP9013,N,320,,L6
2009,862,53XECP9013,N,320,,L6
2009,862,53XECP9013,N,320,,L6
2009,862,53XECP9013,N,320,,L6
2009,863,53XECP9060,N,320,,L6
2009,863,53XECP9060,N,320,,L6
2009,863,53XECP9060,N,320,,L6
2009,863,53XECP9060,N,320,,L6
2009,870,29XETP9605,N,190,,M5
2009,870,29XETP9605,N,190,,M5
2009,870,29XETP9605,N,190,,M5
2009,870,29XETP9605,N,190,,M5
2009,871,29XETP9605,N,190,,M5
2009,871,29XETP9605,N,190,,M5
2009,871,29XETP9605,N,190,,M5
2009,871,29XETP9605,N,190,,M5
2009,872,53XECP9013,N,320,,L6
2009,872,53XECP9013,N,320,,L6
2009,872,53XECP9013,N,320,,L6
2009,872,53XECP9013,N,320,,L6
2009,873,53XECP9013,N,320,,L6
2009,873,53XECP9013,N,320,,L6
2009,873,53XECP9013,N,320,,L6
2009,873,53XECP9013,N,320,,L6
2009,1,HTFB207,N,510,,M6
2009,1,HTFB207,N,510,,M6
2009,2,106CP101,N,470,,M6
2009,2,106CP101,N,470,,M6
2009,3,136CP101,N,470,,S6
2009,3,136CP101,N,470,,S6
2009,4,CP305,N,420,,M6
2009,4,CP305,N,420,,M6
2009,5,HT111,N,420,,S6
2009,5,HT111,N,420,,S6
2009,5,HT111,N,420,,S6
2009,5,HT111,N,420,,S6
2009,6,304M2323,N,510,,S6
2009,6,304M2323,N,510,,S6
2009,12,TL77004,N,120,,L6
2009,12,TL77004,N,120,,L6
2009,12,TL67000,N,120,,M6
2009,12,TL67000,N,120,,M6
2009,12,TL77004,N,120,,L6
2009,12,TL77004,N,120,,L6
2009,12,TL67000,N,120,,M6
2009,12,TL67000,N,120,,M6
2009,16,TL88008,N,175,,L6
2009,16,TL88008,N,175,,L6
2009,16,TL83004,N,175,,M6
2009,16,TL83004,N,175,,M6
2009,16,TL88008,N,175,,L6
2009,16,TL88008,N,175,,L6
2009,16,TL83004,N,175,,M6
2009,16,TL83004,N,175,,M6
2009,16,TF96000,N,205,,M6
2009,16,TF96000,N,205,,M6
2009,16,TF96000,N,205,,M6
2009,16,TF96000,N,205,,M6
2009,16,TF96000,N,205,,M6
2009,16,TF96000,N,205,,M6
2009,29,LY74000,N,260,,S6
2009,29,LY74000,N,260,,S6
2009,30,VF45602,N,230,,M6
2009,30,VF45602,N,230,,M6
2009,30,VF47604,N,230,,S6
2009,30,VF47604,N,230,,S6
2009,30,VF45602,N,230,,M6
2009,30,VF45602,N,230,,M6
2009,30,VF47604,N,230,,S6
2009,30,VF47604,N,230,,S6
2009,30,AC79601,N,230,,M6
2009,30,AC79601,N,230,,M6
2009,30,AC79601,N,230,,M6
2009,30,AC79601,N,230,,M6
2009,30,KX63709,N,230,,S6
2009,30,KX63709,N,230,,S6
2009,30,KX63709,N,230,,S6
2009,30,KX63709,N,230,,S6
2009,30,KX63709,N,230,,S6
2009,30,KX63709,N,230,,S6
2009,30,AC79601,N,230,,M6
2009,30,AC79601,N,230,,M6
2009,30,AC79601,N,230,,M6
2009,30,AC79601,N,230,,M6
2009,30,KX63709,N,230,,S6
2009,30,KX63709,N,230,,S6
2009,30,KX63709,N,230,,S6
2009,30,KX63709,N,230,,S6
2009,30,AC79601,N,230,,M6
2009,30,AC79601,N,230,,M6
2009,30,AC79601,N,230,,M6
2009,30,AC79601,N,230,,M6
2009,30,KX63709,N,230,,S6
2009,30,KX63709,N,230,,S6
2009,30,KX63709,N,230,,S6
2009,30,KX63709,N,230,,S6
2009,30,KX63709,N,230,,S6
2009,35,AZ87685,N,300,,M6
2009,35,AZ87685,N,300,,M6
2009,35,AZ87685,N,300,,M6
2009,35,AZ87685,N,300,,M6
2009,35,KS33736,N,300,,S6
2009,35,KS33736,N,300,,S6
2009,35,KS33738,N,300,,S6
2009,35,KS33738,N,300,,S6
2009,35,KS33738,N,300,,S6
2009,35,KS33738,N,300,,S6
2009,35,AZ87685,N,300,,M6
2009,35,AZ87685,N,300,,M6
2009,35,AZ87685,N,300,,M6
2009,35,AZ87685,N,300,,M6
2009,35,KS33736,N,300,,S6
2009,35,KS33736,N,300,,S6
2009,35,KS33738,N,300,,S6
2009,35,KS33738,N,300,,S6
2009,35,KS33738,N,300,,S6
2009,35,KS33738,N,300,,S6
2009,35,AZ87685,N,300,,M6
2009,35,AZ87685,N,300,,M6
2009,35,AZ87685,N,300,,M6
2009,35,AZ87685,N,300,,M6
2009,35,KS33738,N,300,,S6
2009,35,KS33738,N,300,,S6
2009,35,KS33738,N,300,,S6
2009,35,KS33738,N,300,,S6
2009,40,PY39005,N,414,,M6
2009,40,PY39005,N,414,,M6
2009,40,PY39005,N,414,,M6
2009,40,PY39005,N,414,,M6
2009,41,PY39002,N,414,,M7
2009,41,PY39002,N,414,,M7
2009,41,PY39002,N,414,,S7
2009,41,PY39002,N,414,,S7
2009,41,PY39002,N,414,,M7
2009,41,PY39002,N,414,,M7
2009,41,PY39002,N,414,,S7
2009,41,PY39002,N,414,,S7
2009,45,LZ42732,N,400,,L6
2009,45,LZ42732,N,400,,L6
2009,47,LY63000,N,350,,S6
2009,47,LY63000,N,350,,S6
2009,47,LY63000,N,350,,S6
2009,47,LY63000,N,350,,S6
2009,48,CN93001,N,360,,M6
2009,48,CN93001,N,360,,M6
2009,48,CP00001,N,360,,S6
2009,48,CP00001,N,360,,S6
2009,48,CP00002,N,360,,S6
2009,48,CP00002,N,360,,S6
2009,48,CN93001,N,360,,M6
2009,48,CN93001,N,360,,M6
2009,48,CP00002,N,360,,S6
2009,48,CP00002,N,360,,S6
2009,48,CN93001,N,360,,M6
2009,48,CN93001,N,360,,M6
2009,48,CP00002,N,360,,S6
2009,48,CP00002,N,360,,S6
2009,50,B581012,N,500,,S7
2009,50,B581012,N,500,,S7
2009,50,B581012,N,500,,S7
2009,50,B581012,N,500,,S7
2009,50,B581012,N,500,,S7
2009,50,B581012,N,500,,S7
2009,50,B581012,N,500,,S7
2009,50,B581012,N,500,,S7
2009,50,B581012,N,500,,S7
2009,50,B581012,N,500,,S7
2009,50,B581012,N,500,,S7
2009,50,B581012,N,500,,S7
2009,51,B581032,N,500,,M6
2009,51,B581032,N,500,,M6
2009,51,B581032,N,500,,M6
2009,51,B581032,N,500,,M6
2009,51,B581032,N,500,,M6
2009,51,B581032,N,500,,M6
2009,2,99292,N,500,,L6
2009,2,99292,N,500,,L6
2009,2,99292,N,500,,L6
2009,2,99292,N,500,,L6
2009,2,99292,N,500,,L6
2009,2,99292,N,500,,L6
2009,29,VIN 35415,N,600,,L6
2009,29,VIN 35415,N,600,,L6
2009,29,VIN 35415,N,600,,L6
2009,29,VIN 35415,N,600,,L6
2009,29,VIN 35415,N,600,,L6
2009,29,VIN 35415,N,600,,L6
2009,21,EF6-B421,N,162,,L4
2009,21,EF6-B421,N,162,,L4
2009,21,EF6-B421,N,162,,L4
2009,21,EC6-B424,N,162,,M5
2009,21,EC6-B424,N,162,,M5
2009,21,EF6-B422,N,162,,M5
2009,21,EF6-B422,N,162,,M5
2009,21,EC6-B423,N,162,,L4
2009,21,EC6-B423,N,162,,L4
2009,21,EF6-B421,N,162,,L4
2009,21,EF6-B421,N,162,,L4
2009,22,EB08-B831,N,260,,L5
2009,22,EB08-B831,N,260,,L5
2009,22,EB08-B831,N,260,,L5
2009,22,EB08-B831,N,260,,L5
2009,22,EB08-B832,N,260,,M6
2009,22,EB08-B832,N,260,,M6
2009,26,EC6-B423,N,162,,L4
2009,26,EC6-B423,N,162,,L4
2009,26,EF6-B421,N,162,,L4
2009,26,EF6-B421,N,162,,L4
2009,26,EC6-B424,N,162,,M5
2009,26,EC6-B424,N,162,,M5
2009,26,EF6-B422,N,162,,M5
2009,26,EF6-B422,N,162,,M5
2009,27,EB08-B831,N,260,,L5
2009,27,EB08-B831,N,260,,L5
2009,27,EB08-B831,N,260,,L5
2009,27,EB08-B831,N,260,,L5
2009,27,EB08-B832,N,260,,M6
2009,27,EB08-B832,N,260,,M6
2009,31,EC5-A431,N,155,,L4
2009,31,EC5-A431,N,155,,L4
2009,31,EF5-A433,N,160,,L4
2009,31,EF5-A433,N,160,,L4
2009,32,EB08-A861,N,230,,L5
2009,32,EB08-A861,N,230,,L5
2009,32,EB08-A863,N,258,,L5
2009,32,EB08-A863,N,258,,L5
2009,110,EB08-U853,N,225,,L4
2009,110,EB08-U853,N,225,,L4
2009,110,EB08-U853,N,225,,L4
2009,110,EB08-U853,N,225,,L4
2009,115,EB08-U851,N,225,,L4
2009,115,EB08-U851,N,225,,L4
2009,1,R230E63-Z9011,N,528,,S7
2009,1,R230E63-Z9011,N,528,,S7
2009,2,W204E35-Z8025,N,268,,L7
2009,2,W204E35-Z8025,N,268,,L7
2009,2,W204E35-Z8026,N,268,,L7
2009,2,W204E35-Z8026,N,268,,L7
2009,3,C209E55-Z7020-1,N,382,,L7
2009,3,C209E55-Z7020-1,N,382,,L7
2009,4,R171E55-Z5004,N,362,,S7
2009,4,R171E55-Z5004,N,362,,S7
2009,5,W211E35-Z6025,N,268,,L7
2009,5,W211E35-Z6025,N,268,,L7
2009,5,W211E35-Z6026,N,268,,L7
2009,5,W211E35-Z6026,N,268,,L7
2009,6,X199E55SC-Z5008-1,N,617,,M5
2009,6,X199E55SC-Z5008-1,N,617,,M5
2009,6,X199E55SC-Z5008-1,N,617,,S5
2009,6,X199E55SC-Z5008-1,N,617,,S5
2009,7,X164DE30-Z9000,N,210,,L7
2009,7,X164DE30-Z9000,N,210,,L7
2009,8,W164DE30-Z9018,N,210,,L7
2009,8,W164DE30-Z9018,N,210,,L7
2009,9,C219E63-Z7029,N,507,,S7
2009,9,C219E63-Z7029,N,507,,S7
2009,9,C219E63-Z7029,N,507,,S7
2009,9,C219E63-Z7029,N,507,,S7
2009,10,C216E63-Z8017-1,N,518,,L7
2009,10,C216E63-Z8017-1,N,518,,L7
2009,11,R230E55TC-Z7019,N,510,,L5
2009,11,R230E55TC-Z7019,N,510,,L5
2009,12,R171E35-Z5003,N,301,,L7
2009,12,R171E35-Z5003,N,301,,L7
2009,12,R171E35-Z5002,N,301,,M6
2009,12,R171E35-Z5002,N,301,,M6
2009,13,R171E30-Z6021,N,228,,M6
2009,13,R171E30-Z6021,N,228,,M6
2009,13,R171E30-Z6022,N,228,,M6
2009,13,R171E30-Z6022,N,228,,M6
2009,14,R230E60TC-Z7023,N,603,,S5
2009,14,R230E60TC-Z7023,N,603,,S5
2009,15,R230E55-Z7016,N,382,,L7
2009,15,R230E55-Z7016,N,382,,L7
2009,16,C219E55-Z7030,N,382,,L7
2009,16,C219E55-Z7030,N,382,,L7
2009,17,X164E46-Z7042,N,335,,L7
2009,17,X164E46-Z7042,N,335,,L7
2009,18,W164E55-Z8012-1,N,382,,L7
2009,18,W164E55-Z8012-1,N,382,,L7
2009,19,W164E55-Z8012,N,382,,L7
2009,19,W164E55-Z8012,N,382,,L7
2009,20,V221E63-Z8017,N,518,,L7
2009,20,V221E63-Z8017,N,518,,L7
2009,21,V221E55TC-Z7014,N,510,,L5
2009,21,V221E55TC-Z7014,N,510,,L5
2009,22,V221E60TC-Z7023-1,N,603,,S5
2009,22,V221E60TC-Z7023-1,N,603,,S5
2009,24,V251DE30-Z9016-1,N,210,,L7
2009,24,V251DE30-Z9016-1,N,210,,L7
2009,25,C216E60TC-Z7023-2,N,603,,S5
2009,25,C216E60TC-Z7023-2,N,603,,S5
2009,26,C216E55TC-Z7014-1,N,510,,L5
2009,26,C216E55TC-Z7014-1,N,510,,L5
2009,27,W211DE30-Z7033,N,210,,L7
2009,27,W211DE30-Z7033,N,210,,L7
2009,27,W211DE30-Z7033,N,210,,L7
2009,27,W211DE30-Z7033,N,210,,L7
2009,28,V240E55TC-Z7015,N,543,,L5
2009,28,V240E55TC-Z7015,N,543,,L5
2009,29,W240E60TC-Z6040,N,603,,L5
2009,29,W240E60TC-Z6040,N,603,,L5
2009,31,W204E30-Z8023,N,228,,L7
2009,31,W204E30-Z8023,N,228,,L7
2009,32,W211E63-Z7029-1,N,503,,S7
2009,32,W211E63-Z7029-1,N,503,,S7
2009,33,S211E63-Z7029-2,N,503,,S7
2009,33,S211E63-Z7029-2,N,503,,S7
2009,34,W204E30-Z8023-2,N,228,,L7
2009,34,W204E30-Z8023-2,N,228,,L7
2009,35,W204E30-Z8023,N,228,,L7
2009,35,W204E30-Z8023,N,228,,L7
2009,36,W204E30-Z8023-2,N,228,,L7
2009,36,W204E30-Z8023-2,N,228,,L7
2009,37,C209E35-Z6020,N,268,,L7
2009,37,C209E35-Z6020,N,268,,L7
2009,38,W211E35-Z6027-1S,N,268,,L5
2009,38,W211E35-Z6027-1S,N,268,,L5
2009,39,V221E55-Z7011-2,N,382,,L7
2009,39,V221E55-Z7011-2,N,382,,L7
2009,40,V221E55-Z7011-3,N,382,,L7
2009,40,V221E55-Z7011-3,N,382,,L7
2009,41,W211E55-Z7027,N,382,,L5
2009,41,W211E55-Z7027,N,382,,L5
2009,42,W164E35-Z6034,N,268,,L7
2009,42,W164E35-Z6034,N,268,,L7
2009,43,W164E63-Z7048,N,503,,S7
2009,43,W164E63-Z7048,N,503,,S7
2009,44,W211E35-Z6027S,N,268,,L5
2009,44,W211E35-Z6027S,N,268,,L5
2009,45,W204E63-Z7021-2,N,450,,S7
2009,45,W204E63-Z7021-2,N,450,,S7
2009,45,W204E63-Z7021-2,N,450,,S7
2009,45,W204E63-Z7021-2,N,450,,S7
2009,46,V251E35-Z6036,N,268,,L7
2009,46,V251E35-Z6036,N,268,,L7
2009,47,C209E55-Z7020,N,382,,L7
2009,47,C209E55-Z7020,N,382,,L7
2009,48,C209E35-Z6020-1,N,268,,L7
2009,48,C209E35-Z6020-1,N,268,,L7
2009,49,C219E55-Z7030-1,N,382,,L7
2009,49,C219E55-Z7030-1,N,382,,L7
2009,50,W164E63-Z7048,N,503,,S7
2009,50,W164E63-Z7048,N,503,,S7
2009,52,V240E55TC-Z7015,N,543,,L5
2009,52,V240E55TC-Z7015,N,543,,L5
2009,53,V221E55-Z7011,N,382,,L7
2009,53,V221E55-Z7011,N,382,,L7
2009,54,W240E60TC-Z6040,N,603,,L5
2009,54,W240E60TC-Z6040,N,603,,L5
2009,55,G463E55SC-Z5006-1,N,507,,L5
2009,55,G463E55SC-Z5006-1,N,507,,L5
2009,1,133201,N,479,,A6
2009,1,133201,N,479,,A6
2009,1,148725,N,479,,M6
2009,1,148725,N,479,,M6
2009,1,133201,N,479,,S6
2009,1,133201,N,479,,S6
2009,2,135762,N,611,,A6
2009,2,135762,N,611,,A6
2009,2,142867,N,611,,M6
2009,2,142867,N,611,,M6
2009,2,135762,N,611,,S6
2009,2,135762,N,611,,S6
2009,2,132914,N,532,,A6
2009,2,132914,N,532,,A6
2009,2,123667,N,532,,M6
2009,2,123667,N,532,,M6
2009,2,132914,N,532,,S6
2009,2,132914,N,532,,S6
2009,1,E9P31A,N,117,,L5
2009,1,E9P31A,N,117,,L5
2009,1,E9P31M,N,117,,M5
2009,1,E9P31M,N,117,,M5
2009,1,E9P31M,N,117,,M5
2009,1,E9P31M,N,117,,M5
2009,1,E9P31A,N,117,,S5
2009,1,E9P31A,N,117,,S5
2009,2,E6MX1C,N,110,,AV
2009,2,E6MX1C,N,110,,AV
2009,3,E6NE1A,N,113,,L5
2009,3,E6NE1A,N,113,,L5
2009,4,E6NA1A,N,140,,L5
2009,4,E6NA1A,N,140,,L5
2009,4,E6NA1A,N,140,,L5
2009,4,E6NA1A,N,140,,L5
2009,4,E6NA1M,N,140,,M5
2009,4,E6NA1M,N,140,,M5
2009,5,E6RB1M,N,197,,M6
2009,5,E6RB1M,N,197,,M6
2009,5,E6RB1M,N,197,,M6
2009,5,E6RB1M,N,197,,M6
2009,6,E6ZX1M,N,237,,M6
2009,6,E6ZX1M,N,237,,M6
2009,8,E8401A,N,177,,L5
2009,8,E8401A,N,177,,L5
2009,8,E8411A,N,177,,L5
2009,8,E8411A,N,177,,L5
2009,8,E8421A,N,190,,L5
2009,8,E8421A,N,190,,L5
2009,8,E8431A,N,190,,L5
2009,8,E8431A,N,190,,L5
2009,8,E8401M,N,177,,M5
2009,8,E8401M,N,177,,M5
2009,8,E8421M,N,190,,M5
2009,8,E8421M,N,190,,M5
2009,9,E8421A,N,190,,L5
2009,9,E8421A,N,190,,L5
2009,9,E8431A,N,190,,L5
2009,9,E8431A,N,190,,L5
2009,9,E8421M,N,190,,M5
2009,9,E8421M,N,190,,M5
2009,10,E9L51M,N,201,,M6
2009,10,E9L51M,N,201,,M6
2009,10,E9L51A,N,201,,S5
2009,10,E9L51A,N,201,,S5
2009,11,E9K11A,N,280,,S5
2009,11,E9K11A,N,280,,S5
2009,12,E8721M,N,271,,M6
2009,12,E8721M,N,271,,M6
2009,13,E8701A,N,271,,L5
2009,13,E8701A,N,271,,L5
2009,13,E8701A,N,271,,L5
2009,13,E8701A,N,271,,L5
2009,13,E8711A,N,271,,L5
2009,13,E8711A,N,271,,L5
2009,13,E8711A,N,271,,L5
2009,13,E8711A,N,271,,L5
2009,14,E8701A,N,271,,L5
2009,14,E8701A,N,271,,L5
2009,14,E8711A,N,271,,L5
2009,14,E8711A,N,271,,L5
2009,15,E9K21A,N,305,,S5
2009,15,E9K21A,N,305,,S5
2009,16,E9KG1A,N,300,,S5
2009,16,E9KG1A,N,300,,S5
2009,17,E7WC1A,N,240,,L5
2009,17,E7WC1A,N,240,,L5
2009,18,E7ZA1A,N,166,,L5
2009,18,E7ZA1A,N,166,,L5
2009,18,E7ZA1A,N,166,,L5
2009,18,E7ZA1A,N,166,,L5
2009,18,E7ZA1A,N,166,,L5
2009,18,E7ZA1A,N,166,,L5
2009,19,E7ZD1A,N,166,,L5
2009,19,E7ZD1A,N,166,,L5
2009,19,E7ZD1M,N,166,,M5
2009,19,E7ZD1M,N,166,,M5
2009,19,E7ZD1A,N,166,,L5
2009,19,E7ZD1A,N,166,,L5
2009,19,E7ZD1M,N,166,,M5
2009,19,E7ZD1M,N,166,,M5
2009,20,E9JE1A,N,250,,L5
2009,20,E9JE1A,N,250,,L5
2009,21,E7GL1A,N,244,,L5
2009,21,E7GL1A,N,244,,L5
2009,22,E8GW1A,N,241,,L5
2009,22,E8GW1A,N,241,,L5
2009,23,E9N02A,N,250,,L5
2009,23,E9N02A,N,250,,L5
2009,23,E9N02A,N,250,,L5
2009,23,E9N02A,N,250,,L5
2009,23,E9N01A,N,250,,L5
2009,23,E9N01A,N,250,,L5
2009,24,E7YE1A,N,300,,S5
2009,24,E7YE1A,N,300,,S5
2009,25,E6RB1M,N,197,,M6
2009,25,E6RB1M,N,197,,M6
2009,26,E6ZX1M,N,237,,M6
2009,26,E6ZX1M,N,237,,M6
2009,1,NF8F4U43A1,N,168,,L5
2009,1,NF8F4U43A1,N,168,,L5
2009,1,NF8F4U47A1,N,175,,L5
2009,1,NF8F4U47A1,N,175,,L5
2009,1,NF8F4U24A1,N,175,,M5
2009,1,NF8F4U24A1,N,175,,M5
2009,1,NF8F4U24A1,N,175,,M5
2009,2,NF9A6225,N,249,,L5
2009,2,NF9A6225,N,249,,L5
2009,3,TG7L3U11B2,N,234,,L5
2009,3,TG7L3U11B2,N,234,,L5
2009,4,TG6L8U61A3,N,263,,L5
2009,4,TG6L8U61A3,N,263,,L5
2009,5,JM8B0U25A1,N,140,,L4
2009,5,JM8B0U25A1,N,140,,L4
2009,5,JM8B0U16A1,N,140,,M5
2009,5,JM8B0U16A1,N,140,,M5
2009,5,JM8B0U16A1,N,140,,M5
2009,6,JM8B0U96A1,N,140,,M5
2009,6,JM8B0U96A1,N,140,,M5
2009,7,JM9E7U29A2,N,173,,L4
2009,7,JM9E7U29A2,N,173,,L4
2009,8,JM9E7U69A2,N,173,,L4
2009,8,JM9E7U69A2,N,173,,L4
2009,10,BH9L8U71B2,N,290,,L6
2009,10,BH9L8U71B2,N,290,,L6
2009,11,HD7B0U49A1,N,132,,L4
2009,11,HD7B0U49A1,N,132,,L4
2009,11,HD8B0F59A1,N,138,,L4
2009,11,HD8B0F59A1,N,138,,L4
2009,11,HD8B0F60A1,N,138,,M5
2009,11,HD8B0F60A1,N,138,,M5
2009,12,FD8B0F25A1,N,138,,L4
2009,12,FD8B0F25A1,N,138,,L4
2009,12,FD8B0F20A1,N,138,,M5
2009,12,FD8B0F20A1,N,138,,M5
2009,13,EN7L8U27A2,N,260,,L6
2009,13,EN7L8U27A2,N,260,,L6
2009,13,EN7L8U39A2,N,260,,L6
2009,13,EN7L8U39A2,N,260,,L6
2009,14,CM8V7U35A,N,185,,L4
2009,14,CM8V7U35A,N,185,,L4
2009,14,CM8V7U32A,N,185,,M5
2009,14,CM8V7U32A,N,185,,M5
2009,14,CM8V7U41A,N,185,,L4
2009,14,CM8V7U41A,N,185,,L4
2009,14,CM8V7U30A,N,185,,M5
2009,14,CM8V7U30A,N,185,,M5
2009,15,CM7V3U11S2-1,N,242,,L5
2009,15,CM7V3U11S2-1,N,242,,L5
2009,15,CM7V3U11S2,N,242,,L5
2009,15,CM7V3U11S2,N,242,,L5
2009,16,BH8T6U15B,N,375,,L6
2009,16,BH8T6U15B,N,375,,L6
2009,16,BH8T6U19B,N,375,,L6
2009,16,BH8T6U19B,N,375,,L6
2009,17,MC8D6U01A1,N,110,,L4
2009,17,MC8D6U01A1,N,110,,L4
2009,17,MC8D6U02A1,N,110,,M5
2009,17,MC8D6U02A1,N,110,,M5
2009,30,WU1P0176,N,300,,L6
2009,30,WU1P0176,N,300,,L6
2009,30,WU1P0176,N,300,,L6
2009,30,WU1P0176,N,300,,L6
2009,31,WU1P0176,N,300,,L6
2009,31,WU1P0176,N,300,,L6
2009,31,WU1P0176,N,300,,L6
2009,31,WU1P0176,N,300,,L6
2009,36,WU1P0176,N,300,,L6
2009,36,WU1P0176,N,300,,L6
2009,36,WU1P0176,N,300,,L6
2009,36,WU1P0176,N,300,,L6
2009,50,WU1P0177,N,400,,L6
2009,50,WU1P0177,N,400,,L6
2009,50,WU1P0177,N,400,,L6
2009,50,WU1P0177,N,400,,L6
2009,51,WU1P0177,N,400,,L6
2009,51,WU1P0177,N,400,,L6
2009,51,WU1P0177,N,400,,L6
2009,51,WU1P0177,N,400,,L6
2009,303,TWCP1028,N,300,,L6
2009,303,TWCP1028,N,300,,L6
2009,304,TW1PP035,N,420,,L6
2009,304,TW1PP035,N,420,,L6
2009,309,PAC1PP03,N,300,,L6
2009,309,PAC1PP03,N,300,,L6
2009,310,PGC1PP05,N,420,,L6
2009,310,PGC1PP05,N,420,,L6
2009,1,MG8F4U05A1,N,175,,L5
2009,1,MG8F4U05A1,N,175,,L5
2009,1,MG8F4U06A1,N,175,,M5
2009,1,MG8F4U06A1,N,175,,M5
2009,2,KM8B0U21A1,N,140,,L4
2009,2,KM8B0U21A1,N,140,,L4
2009,2,KM8B0U14A1,N,140,,M5
2009,2,KM8B0U14A1,N,140,,M5
2009,2,KM8B0U94A1,N,140,,M5
2009,2,KM8B0U94A1,N,140,,M5
2009,3,KM9E7U27A2,N,173,,L4
2009,3,KM9E7U27A2,N,173,,L4
2009,3,KM9E7U09A2,N,173,,L4
2009,3,KM9E7U09A2,N,173,,L4
2009,4,GH7L8U31A,N,264,,L5
2009,4,GH7L8U31A,N,264,,L5
2009,5,VQ06EM-38V-2,N,250,,L5
2009,5,VQ06EM-38V-2,N,250,,L5
2009,6,VQ06EM-38V-2,N,250,,L5
2009,6,VQ06EM-38V-2,N,250,,L5
2009,7,BL7L3U21A2,N,245,,L5
2009,7,BL7L3U21A2,N,245,,L5
2009,7,BL7L3U27A2,N,245,,L5
2009,7,BL7L3U27A2,N,245,,L5
2009,8,BL7L8U39A,N,262,,L5
2009,8,BL7L8U39A,N,262,,L5
2009,8,BL7L8U41A,N,262,,L5
2009,8,BL7L8U41A,N,262,,L5
2009,9,LD7B0U27A1,N,132,,L4
2009,9,LD7B0U27A1,N,132,,L4
2009,9,LD7B0U93A1,N,132,,L4
2009,9,LD7B0U93A1,N,132,,L4
2009,9,LD8B0F01A1,N,138,,L4
2009,9,LD8B0F01A1,N,138,,L4
2009,9,LD8B0F91A1,N,138,,L4
2009,9,LD8B0F91A1,N,138,,L4
2009,9,LD8B0F91A1,N,138,,L4
2009,9,LD8B0F04A1,N,138,,M5
2009,9,LD8B0F04A1,N,138,,M5
2009,9,LD8B0F94A1,N,138,,M5
2009,9,LD8B0F94A1,N,138,,M5
2009,10,HM8L8U31A2,N,276,,L5
2009,10,HM8L8U31A2,N,276,,L5
2009,10,HM8L8U33A2,N,276,,L5
2009,10,HM8L8U33A2,N,276,,L5
2009,10,HM8L8U33A2,N,276,,L5
2009,11,UN8F4U21A1,N,167,,L4
2009,11,UN8F4U21A1,N,167,,L4
2009,11,UN8F4U25A1,N,175,,L4
2009,11,UN8F4U25A1,N,175,,L4
2009,12,UN9V7U01A,N,192,,L5
2009,12,UN9V7U01A,N,192,,L5
2009,13,HM9T6U29,N,337,,L6
2009,13,HM9T6U29,N,337,,L6
2009,13,HM9T6U27A,N,337,,L6
2009,13,HM9T6U27A,N,337,,L6
2009,14,MG8V7U63B,N,194,,L5
2009,14,MG8V7U63B,N,194,,L5
2009,15,JB9D6U01A1,N,110,,L4
2009,15,JB9D6U01A1,N,110,,L4
2009,15,JB9D6U03A1,N,110,,L4
2009,15,JB9D6U03A1,N,110,,L4
2009,15,JB9D6U03A1,N,110,,L4
2009,15,JB9D6U02A1,N,110,,M5
2009,15,JB9D6U02A1,N,110,,M5
2009,15,JB9D6U04A1,N,110,,M5
2009,15,JB9D6U04A1,N,110,,M5
2009,1,031271,N,399,,L6
2009,1,031271,N,399,,L6
2009,1,031271,N,399,,L6
2009,1,031271,N,399,,L6
2009,1,021337,N,396,,A6
2009,1,021337,N,396,,A6
2009,1,021337,N,396,,L6
2009,1,021337,N,396,,L6
2009,1,KJB594,N,122,,AV
2009,1,KJB594,N,122,,AV
2009,1,KJEB69,N,122,,AV
2009,1,KJEB69,N,122,,AV
2009,1,KJB441,N,120,,L4
2009,1,KJB441,N,120,,L4
2009,1,KJB441,N,122,,L4
2009,1,KJB441,N,122,,L4
2009,1,KJB468,N,120,,M6
2009,1,KJB468,N,120,,M6
2009,1,KJB468,N,122,,M6
2009,1,KJB468,N,122,,M6
2009,21,AWE318,N,177,,AV
2009,21,AWE318,N,177,,AV
2009,21,AWE318,N,177,,AV
2009,21,AWE319,N,200,,M6
2009,21,AWE319,N,200,,M6
2009,21,AWE319,N,200,,M6
2009,21,AWE319,N,200,,M6
2009,23,FKB062,N,175,,AV
2009,23,FKB062,N,175,,AV
2009,23,FKB063,N,170,,AV
2009,23,FKB063,N,170,,AV
2009,23,FKB064,N,175,,M6
2009,23,FKB064,N,175,,M6
2009,31,FLB106,N,163,,AV
2009,31,FLB106,N,163,,AV
2009,41,FK904,N,270,,AV
2009,41,FK904,N,270,,AV
2009,41,FK904,N,270,,AV
2009,41,FK904,N,270,,AV
2009,41,FK904,N,270,,AV
2009,41,FK904,N,270,,AV
2009,41,FK904,N,270,,AV
2009,41,FK905,N,270,,M6
2009,41,FK905,N,270,,M6
2009,41,FK905,N,270,,M6
2009,41,FK905,N,270,,M6
2009,41,FK905,N,270,,M6
2009,41,FK905,N,270,,M6
2009,42,CLB063,N,290,,AV
2009,42,CLB063,N,290,,AV
2009,42,CLB063,N,290,,AV
2009,42,CLB063,N,290,,AV
2009,42,CLB064,N,290,,AV
2009,42,CLB064,N,290,,AV
2009,42,CLB064,N,290,,AV
2009,42,CLB064,N,290,,AV
2009,43,MKE451,N,330,,M6
2009,43,MKE451,N,330,,M6
2009,43,MKE449,N,330,,S7
2009,43,MKE449,N,330,,S7
2009,43,MKE449,N,330,,S7
2009,43,MKE451,N,330,,M6
2009,43,MKE451,N,330,,M6
2009,43,MKE451,N,330,,M6
2009,43,MKE451,N,330,,M6
2009,43,MKE449,N,330,,S7
2009,43,MKE449,N,330,,S7
2009,43,MKE449,N,330,,S7
2009,43,MKE449,N,330,,S7
2009,43,MKE450,N,330,,S7
2009,43,MKE450,N,330,,S7
2009,43,MKE405,N,330,,S7
2009,43,MKE405,N,330,,S7
2009,43,MKE405,N,330,,S7
2009,43,MKE405,N,330,,S7
2009,44,FGB071,N,306,,M6
2009,44,FGB071,N,306,,M6
2009,44,FGB071,N,306,,M6
2009,44,FGB071,N,306,,M6
2009,44,FGB071,N,306,,M6
2009,44,FGB071,N,306,,M6
2009,44,FGB070,N,306,,S7
2009,44,FGB070,N,306,,S7
2009,44,FGB070,N,306,,S7
2009,44,FGB070,N,306,,S7
2009,44,FGB070,N,306,,S7
2009,44,FGB070,N,306,,S7
2009,44,FGB070,N,306,,S7
2009,44,FGB070,N,306,,S7
2009,44,FGB070,N,306,,S7
2009,44,FGB070,N,306,,S7
2009,44,FGB070,N,306,,S7
2009,44,FGB070,N,306,,S7
2009,44,FGB070,N,306,,S7
2009,45,FEB04,N,306,,M6
2009,45,FEB04,N,306,,M6
2009,45,FEB03,N,306,,S5
2009,45,FEB03,N,306,,S5
2009,46,DME679,N,280,,S7
2009,46,DME679,N,280,,S7
2009,46,DME679,N,280,,S7
2009,46,DME679,N,280,,S7
2009,46,DME680,N,280,,S5
2009,46,DME680,N,280,,S5
2009,46,DME680,N,280,,S5
2009,46,DME680,N,280,,S5
2009,47,LTB069,N,298,,S5
2009,47,LTB069,N,298,,S5
2009,47,LTB069,N,298,,S5
2009,47,LTB069,N,298,,S5
2009,47,LTB070,N,298,,S5
2009,47,LTB070,N,298,,S5
2009,47,LTB070,N,298,,S5
2009,47,LTB070,N,298,,S5
2009,61,DMB133,N,335,,S5
2009,61,DMB133,N,335,,S5
2009,61,DME559,N,325,,S5
2009,61,DME559,N,325,,S5
2009,71,MNB211,N,480,,S6
2009,71,MNB211,N,480,,S6
2009,71,MNB211,N,480,,S6
2009,71,MNB211,N,480,,S6
2009,71,MNB211,N,480,,S6
2009,71,MNB211,N,480,,S6
2009,71,MNB211,N,480,,S6
2009,71,MNB211,N,480,,S6
2009,71,MNB211,N,480,,S6
2009,81,SRB077,N,151,,L5
2009,81,SRB077,N,151,,L5
2009,81,SRB071,N,151,,M5
2009,81,SRB071,N,151,,M5
2009,82,BRB062,N,170,,AV
2009,82,BRB062,N,170,,AV
2009,82,BRB062,N,170,,AV
2009,82,BRB062,N,170,,AV
2009,82,BRB063,N,165,,AV
2009,82,BRB063,N,165,,AV
2009,82,BRB063,N,165,,AV
2009,82,BRB063,N,165,,AV
2009,82,BRB062,N,170,,AV
2009,82,BRB062,N,170,,AV
2009,84,SRB077,N,151,,L5
2009,84,SRB077,N,151,,L5
2009,84,SRB071,N,151,,M5
2009,84,SRB071,N,151,,M5
2009,91,PX129,N,240,,L5
2009,91,PX129,N,240,,L5
2009,91,PX129,N,240,,L5
2009,91,PX129,N,240,,L5
2009,92,SEB094,N,258,,AV
2009,92,SEB094,N,258,,AV
2009,92,SEB094,N,258,,AV
2009,92,SEB094,N,258,,AV
2009,92,SEB094,N,258,,AV
2009,92,SEB094,N,258,,AV
2009,92,SEB094,N,258,,AV
2009,92,SEB094,N,258,,AV
2009,93,LMB082,N,300,,S7
2009,93,LMB082,N,300,,S7
2009,93,LMB082,N,300,,S7
2009,93,LMB082,N,300,,S7
2009,93,LMB081,N,300,,S7
2009,93,LMB081,N,300,,S7
2009,93,LMB081,N,300,,S7
2009,93,LMB081,N,300,,S7
2009,181,SRE296,N,261,,L5
2009,181,SRE296,N,261,,L5
2009,181,SRE296,N,261,,L5
2009,181,SRE296,N,261,,L5
2009,181,SRE296,N,261,,L5
2009,181,SRE296,N,261,,L5
2009,181,SRE299,N,261,,L5
2009,181,SRE299,N,261,,L5
2009,181,SRE299,N,261,,L5
2009,181,SRE299,N,261,,L5
2009,181,SRE336,N,261,,L5
2009,181,SRE336,N,261,,L5
2009,181,SRE336,N,261,,L5
2009,181,SRE336,N,261,,L5
2009,181,SRE338,N,261,,L5
2009,181,SRE338,N,261,,L5
2009,181,SRE338,N,261,,L5
2009,181,SRE338,N,261,,L5
2009,181,SRE298,N,261,,M6
2009,181,SRE298,N,261,,M6
2009,181,SRE298,N,261,,M6
2009,181,SRE298,N,261,,M6
2009,181,SRE337,N,261,,M6
2009,181,SRE337,N,261,,M6
2009,181,SRE337,N,261,,M6
2009,181,SRE337,N,261,,M6
2009,181,SRE299,N,261,,L5
2009,181,SRE299,N,261,,L5
2009,181,SRE301,N,261,,L5
2009,181,SRE301,N,261,,L5
2009,181,SRE301,N,261,,L5
2009,181,SRE301,N,261,,L5
2009,181,SRE301,N,261,,L5
2009,181,SRE301,N,261,,L5
2009,181,SRE338,N,261,,L5
2009,181,SRE338,N,261,,L5
2009,181,SRE338,N,261,,L5
2009,181,SRE338,N,261,,L5
2009,181,SRE340,N,261,,L5
2009,181,SRE340,N,261,,L5
2009,181,SRE340,N,261,,L5
2009,181,SRE340,N,261,,L5
2009,181,SRE340,N,261,,L5
2009,181,SRE340,N,261,,L5
2009,181,SRE340,N,261,,L5
2009,181,SRE340,N,261,,L5
2009,181,SRE340,N,261,,L5
2009,181,SRE340,N,261,,L5
2009,181,SRE340,N,261,,L5
2009,181,SRE340,N,261,,L5
2009,181,SRE298,N,261,,M6
2009,181,SRE298,N,261,,M6
2009,181,SRE337,N,261,,M6
2009,181,SRE337,N,261,,M6
2009,181,SRE337,N,261,,M6
2009,181,SRE337,N,261,,M6
2009,181,SRE339,N,261,,M6
2009,181,SRE339,N,261,,M6
2009,181,SRE339,N,261,,M6
2009,181,SRE339,N,261,,M6
2009,181,SRE339,N,261,,M6
2009,181,SRE339,N,261,,M6
2009,181,SRE339,N,261,,M6
2009,181,SRE339,N,261,,M6
2009,182,SRE296,N,261,,L5
2009,182,SRE296,N,261,,L5
2009,182,SRE296,N,261,,L5
2009,182,SRE296,N,261,,L5
2009,182,SRE296,N,261,,L5
2009,182,SRE296,N,261,,L5
2009,182,SRE336,N,261,,L5
2009,182,SRE336,N,261,,L5
2009,182,SRE336,N,261,,L5
2009,182,SRE336,N,261,,L5
2009,182,SRE298,N,261,,M6
2009,182,SRE298,N,261,,M6
2009,182,SRE298,N,261,,M6
2009,182,SRE298,N,261,,M6
2009,182,SRE337,N,261,,M6
2009,182,SRE337,N,261,,M6
2009,182,SRE337,N,261,,M6
2009,182,SRE337,N,261,,M6
2009,182,SRE299,N,261,,L5
2009,182,SRE299,N,261,,L5
2009,182,SRE299,N,261,,L5
2009,182,SRE299,N,261,,L5
2009,182,SRE338,N,261,,L5
2009,182,SRE338,N,261,,L5
2009,182,SRE338,N,261,,L5
2009,182,SRE338,N,261,,L5
2009,182,SRE298,N,261,,M6
2009,182,SRE298,N,261,,M6
2009,182,SRE298,N,261,,M6
2009,182,SRE298,N,261,,M6
2009,182,SRE337,N,261,,M6
2009,182,SRE337,N,261,,M6
2009,182,SRE337,N,261,,M6
2009,182,SRE337,N,261,,M6
2009,182,SRE337,N,261,,M6
2009,183,STE341,N,266,,L5
2009,183,STE341,N,266,,L5
2009,183,STE341,N,266,,L5
2009,183,STE248,N,266,,S5
2009,183,STE248,N,266,,S5
2009,183,STE248,N,266,,S5
2009,183,STE341,N,266,,S5
2009,183,STE341,N,266,,S5
2009,183,STE341,N,266,,S5
2009,183,STE248,N,266,,S6
2009,183,STE248,N,266,,S6
2009,183,STE248,N,266,,S6
2009,183,STE249,N,266,,L5
2009,183,STE249,N,266,,L5
2009,183,STE249,N,266,,L5
2009,183,STE249,N,266,,L5
2009,183,STE342,N,266,,L5
2009,183,STE342,N,266,,L5
2009,183,STE342,N,266,,L5
2009,183,STE342,N,266,,L5
2009,183,STE342,N,266,,L5
2009,183,STE249,N,266,,S5
2009,183,STE249,N,266,,S5
2009,183,STE249,N,266,,S5
2009,183,STE249,N,266,,S5
2009,183,STE249,N,266,,S5
2009,183,STE249,N,266,,S5
2009,183,STE249,N,266,,S5
2009,183,STE249,N,266,,S5
2009,183,STE249,N,266,,S5
2009,183,STE342,N,266,,S5
2009,183,STE342,N,266,,S5
2009,183,STE342,N,266,,S5
2009,183,STE342,N,266,,S5
2009,183,STE342,N,266,,S5
2009,183,STE342,N,266,,S5
2009,183,STE343,N,266,,S5
2009,183,STE343,N,266,,S5
2009,183,STE343,N,266,,S5
2009,183,STE343,N,266,,S5
2009,184,SRE296,N,261,,L5
2009,184,SRE296,N,261,,L5
2009,184,SRE299,N,261,,L5
2009,184,SRE299,N,261,,L5
2009,184,SRE301,N,261,,L5
2009,184,SRE301,N,261,,L5
2009,184,SRE301,N,261,,L5
2009,184,SRE301,N,261,,L5
2009,184,SRE301,N,261,,L5
2009,184,SRE301,N,261,,L5
2009,184,SRE301,N,261,,L5
2009,184,SRE299,N,261,,L5
2009,184,SRE299,N,261,,L5
2009,184,SRE299,N,261,,L5
2009,184,SRE299,N,261,,L5
2009,281,STB321,N,310,,S5
2009,281,STB321,N,310,,S5
2009,281,STB321,N,310,,S5
2009,281,STB321,N,310,,S5
2009,281,STB321,N,310,,S5
2009,281,STB321,N,310,,S5
2009,281,STB321,N,310,,S5
2009,281,STB321,N,310,,S5
2009,282,SKB387,N,320,,L5
2009,282,SKB387,N,320,,L5
2009,282,SKB387,N,320,,L5
2009,282,SKB387,N,320,,L5
2009,283,SKB385,N,317,,L5
2009,283,SKB385,N,317,,L5
2009,283,SKB385,N,317,,L5
2009,283,SKB385,N,317,,L5
2009,283,SKB386,N,317,,L5
2009,283,SKB386,N,317,,L5
2009,283,SKB385,N,317,,L5
2009,283,SKB385,N,317,,L5
2009,283,SKB385,N,317,,L5
2009,283,SKB385,N,317,,L5
2009,283,SKB386,N,317,,L5
2009,283,SKB386,N,317,,L5
2009,284,SJB272,N,317,,L5
2009,284,SJB272,N,317,,L5
2009,284,SJB273,N,317,,L5
2009,284,SJB273,N,317,,L5
2009,284,SJB273,N,317,,L5
2009,284,SJB273,N,317,,L5
2009,284,SHB035,N,317,,L5
2009,284,SHB035,N,317,,L5
2009,284,SHB035,N,317,,L5
2009,284,SHB035,N,317,,L5
2009,284,SHB035,N,317,,L5
2009,284,SHB035,N,317,,L5
2009,284,SJB272,N,317,,L5
2009,284,SJB272,N,317,,L5
2009,284,SJB272,N,317,,L5
2009,284,SJB272,N,317,,L5
2009,284,SJB272,N,317,,L5
2009,284,SJB272,N,317,,L5
2009,284,SJB273,N,317,,L5
2009,284,SJB273,N,317,,L5
2009,284,SJB273,N,317,,L5
2009,284,SJB273,N,317,,L5
2009,284,SHB035,N,317,,L5
2009,284,SHB035,N,317,,L5
2009,284,SHB036,N,317,,L5
2009,284,SHB036,N,317,,L5
2009,284,SHB036,N,317,,L5
2009,284,SHB036,N,317,,L5
2009,284,SJB272,N,317,,L5
2009,284,SJB272,N,317,,L5
2009,284,SJB273,N,317,,L5
2009,284,SJB273,N,317,,L5
2009,284,SJB273,N,317,,L5
2009,284,SJB273,N,317,,L5
2009,291,SKB308,N,317,,L5
2009,291,SKB308,N,317,,L5
2009,291,SKB310,N,317,,L5
2009,291,SKB310,N,317,,L5
2009,291,SKB310,N,317,,L5
2009,291,SKB310,N,317,,L5
2009,291,SKB308,N,317,,L5
2009,291,SKB308,N,317,,L5
2009,291,SKB310,N,317,,L5
2009,291,SKB310,N,317,,L5
2009,291,SKB310,N,317,,L5
2009,291,SKB310,N,317,,L5
2009,292,SJE208,N,317,,L5
2009,292,SJE208,N,317,,L5
2009,292,SHB033,N,317,,L5
2009,292,SHB033,N,317,,L5
2009,292,SHB033,N,317,,L5
2009,292,SHB033,N,317,,L5
2009,292,SHB033,N,317,,L5
2009,292,SHB033,N,317,,L5
2009,292,SJE208,N,317,,L5
2009,292,SJE208,N,317,,L5
2009,292,SJE208,N,317,,L5
2009,292,SJE208,N,317,,L5
2009,292,SJE208,N,317,,L5
2009,292,SJE208,N,317,,L5
2009,292,SJE209,N,317,,L5
2009,292,SJE209,N,317,,L5
2009,292,SJE209,N,317,,L5
2009,292,SJE209,N,317,,L5
2009,292,SHB033,N,317,,L5
2009,292,SHB033,N,317,,L5
2009,292,SHB034,N,317,,L5
2009,292,SHB034,N,317,,L5
2009,292,SHB034,N,317,,L5
2009,292,SHB034,N,317,,L5
2009,292,SJE208,N,317,,L5
2009,292,SJE208,N,317,,L5
2009,292,SJE209,N,317,,L5
2009,292,SJE209,N,317,,L5
2009,292,SJE209,N,317,,L5
2009,292,SJE209,N,317,,L5
2009,293,SKB308,N,317,,L5
2009,293,SKB308,N,317,,L5
2009,293,SKB310,N,317,,L5
2009,293,SKB310,N,317,,L5
2009,293,SKB310,N,317,,L5
2009,293,SKB310,N,317,,L5
2009,294,SHB033,N,317,,L5
2009,294,SHB033,N,317,,L5
2009,294,SHB033,N,317,,L5
2009,294,SHB033,N,317,,L5
2009,294,SHB033,N,317,,L5
2009,294,SHB033,N,317,,L5
2009,294,SJE208,N,317,,L5
2009,294,SJE208,N,317,,L5
2009,294,SJE208,N,317,,L5
2009,294,SJE208,N,317,,L5
2009,294,SJE208,N,317,,L5
2009,294,SJE208,N,317,,L5
2009,294,SJE209,N,317,,L5
2009,294,SJE209,N,317,,L5
2009,294,SJE209,N,317,,L5
2009,294,SJE209,N,317,,L5
2009,295,SKB308,N,317,,L5
2009,295,SKB308,N,317,,L5
2009,295,SKB310,N,317,,L5
2009,295,SKB310,N,317,,L5
2009,295,SKB310,N,317,,L5
2009,295,SKB310,N,317,,L5
2009,296,SJE208,N,317,,L5
2009,296,SJE208,N,317,,L5
2009,296,SHB033,N,317,,L5
2009,296,SHB033,N,317,,L5
2009,296,SHB034,N,317,,L5
2009,296,SHB034,N,317,,L5
2009,296,SHB034,N,317,,L5
2009,296,SHB034,N,317,,L5
2009,296,SJE208,N,317,,L5
2009,296,SJE208,N,317,,L5
2009,296,SJE209,N,317,,L5
2009,296,SJE209,N,317,,L5
2009,296,SJE209,N,317,,L5
2009,296,SJE209,N,317,,L5
2009,391,LMB084,N,390,,S7
2009,391,LMB084,N,390,,S7
2009,391,LMB084,N,390,,S7
2009,391,LMB084,N,390,,S7
2009,300,ECFE97A-9,N,345,,AU
2009,300,ECFE97A-9,N,345,,AU
2009,300,ECFE97M-9,N,345,,M6
2009,300,ECFE97M-9,N,345,,M6
2009,300,ECFE97A-9,N,345,,AU
2009,300,ECFE97A-9,N,345,,AU
2009,300,ECFE97M-9,N,345,,M6
2009,300,ECFE97M-9,N,345,,M6
2009,300,ECFE97A-9,N,345,,AU
2009,300,ECFE97A-9,N,345,,AU
2009,300,ECFE97M-9,N,345,,M6
2009,300,ECFE97M-9,N,345,,M6
2009,300,ECFE97A-9,N,345,,AU
2009,300,ECFE97A-9,N,345,,AU
2009,300,ECFE97M-9,N,345,,M6
2009,300,ECFE97M-9,N,345,,M6
2009,400,ECFE97SA-9,N,385,,AU
2009,400,ECFE97SA-9,N,385,,AU
2009,400,ECFE97SM-9,N,385,,M6
2009,400,ECFE97SM-9,N,385,,M6
2009,400,ECFE97SA-9,N,385,,AU
2009,400,ECFE97SA-9,N,385,,AU
2009,400,ECFE97SM-9,N,385,,M6
2009,400,ECFE97SM-9,N,385,,M6
2009,400,ECFE97SA-9,N,385,,AU
2009,400,ECFE97SA-9,N,385,,AU
2009,400,ECFE97SM-9,N,385,,M6
2009,400,ECFE97SM-9,N,385,,M6
2009,400,ECFE97SA-9,N,385,,AU
2009,400,ECFE97SA-9,N,385,,AU
2009,400,ECFE97SM-9,N,385,,M6
2009,400,ECFE97SM-9,N,385,,M6
2009,500,ECFE46A-7,N,290,,L6
2009,500,ECFE46A-7,N,290,,L6
2009,500,FE46M-7,N,290,,M6
2009,500,FE46M-7,N,290,,M6
2009,600,FE48SA-7,N,385,,L6
2009,600,FE48SA-7,N,385,,L6
2009,600,EC48GTSA-8,N,405,,L6
2009,600,EC48GTSA-8,N,405,,L6
2009,600,EC48GTSM-8,N,405,,M6
2009,600,EC48GTSM-8,N,405,,M6
2009,700,ECFE48T-7,N,500,,L6
2009,700,ECFE48T-7,N,500,,L6
2009,900,ECFEGT2-8,N,530,,M6
2009,900,ECFEGT2-8,N,530,,M6
2009,900,FE97TA-7,N,480,,L5
2009,900,FE97TA-7,N,480,,L5
2009,900,FE97TA-7,N,480,,L5
2009,900,FE97TA-7,N,480,,L5
2009,900,FE97TM-7,N,480,,M6
2009,900,FE97TM-7,N,480,,M6
2009,900,FE97TM-7,N,480,,M6
2009,900,FE97TM-7,N,480,,M6
2009, Ltd.",67,412,N,453,
2009, Ltd.",67,412,N,453,
2009, Ltd.",67,412,N,453,
2009, Ltd.",67,412,N,453,
2009,1,MS35,N,300,,L6
2009,1,MS35,N,300,,L6
2009,2,MS35,N,300,,L6
2009,2,MS35,N,300,,L6
2009,3,27AP2111,N,395,,L6
2009,3,27AP2111,N,395,,L6
2009,4,27EPP045,N,305,,L6
2009,4,27EPP045,N,305,,L6
2009,5,07CP1064,N,390,,L6
2009,5,07CP1064,N,390,,L6
2009,1,09S302E3-SC,N,620,,M6
2009,1,09S302E3-SC,N,620,,M6
2009,17,EB08-CA64,N,291,,L6
2009,17,EB08-CA64,N,291,,L6
2009,17,EB08-CA62,N,291,,M5
2009,17,EB08-CA62,N,291,,M5
2009,19,EB09-CB4A,N,168,,AV
2009,19,EB09-CB4A,N,168,,AV
2009,19,EC09-CB4B,N,161,,AV
2009,19,EC09-CB4B,N,161,,AV
2009,19,EB09-CB42,N,168,,M5
2009,19,EB09-CB42,N,168,,M5
2009,19,EC09-CB42,N,161,,M5
2009,19,EC09-CB42,N,161,,M5
2009,20,EB09-CA44,N,237,,L6
2009,20,EB09-CA44,N,237,,L6
2009,50,EB09-CA3A,N,152,,AV
2009,50,EB09-CA3A,N,152,,AV
2009,50,EC08-CA2B,N,143,,AV
2009,50,EC08-CA2B,N,143,,AV
2009,50,EB09-CA36,N,152,,M5
2009,50,EB09-CA36,N,152,,M5
2009,50,EC09-CA34,N,143,,M5
2009,50,EC09-CA34,N,143,,M5
2009,51,EB09-CB4A,N,168,,AV
2009,51,EB09-CB4A,N,168,,AV
2009,51,EB09-CB42,N,168,,M5
2009,51,EB09-CB42,N,168,,M5
2009,52,EB09-CA44,N,237,,L6
2009,52,EB09-CA44,N,237,,L6
2009,131,EC09-DC25,N,213,,L6
2009,131,EC09-DC25,N,213,,L6
2009,131,EC09-DC25,N,213,,L6
2009,131,EC09-DC25,N,213,,L6
2009,131,EF07-DC21,N,220,,L6
2009,131,EF07-DC21,N,220,,L6
2009,131,EF07-DC21,N,220,,L6
2009,131,EF07-DC21,N,220,,L6
2009,131,EF07-DC21,N,220,,L6
2009,132,EC09-DC25,N,213,,L6
2009,132,EC09-DC25,N,213,,L6
2009,132,EC09-DC25,N,213,,L6
2009,132,EC09-DC25,N,213,,L6
2009,132,EF07-DC21,N,220,,L6
2009,132,EF07-DC21,N,220,,L6
2009,132,EF07-DC21,N,220,,L6
2009,132,EF07-DC21,N,220,,L6
2009,141,EB09-DB3A,N,168,,AV
2009,141,EB09-DB3A,N,168,,AV
2009,142,EB09-DB3A,N,168,,AV
2009,142,EB09-DB3A,N,168,,AV
2009,51,08FEDV-2,N,143,,M5
2009,51,08FEDV-2,N,143,,M5
2009,53,08FEDV-2,N,143,,M5
2009,53,08FEDV-2,N,143,,M5
2009,55,08FEDV-2,N,143,,M5
2009,55,08FEDV-2,N,143,,M5
2009,57,08FEDV-2,N,143,,M5
2009,57,08FEDV-2,N,143,,M5
2009,91,09FEDV-3,N,166,,M5
2009,91,09FEDV-3,N,166,,M5
2009,92,09FEDV-3,N,166,,M5
2009,92,09FEDV-3,N,166,,M5
2009,93,09EDV-2,N,166,,L4
2009,93,09EDV-2,N,166,,L4
2009,94,09EDV-2,N,166,,L4
2009,94,09EDV-2,N,166,,L4
2009,96,09EDV-1,N,230,,L5
2009,96,09EDV-1,N,230,,L5
2009,97,09EDV-1,N,230,,L5
2009,97,09EDV-1,N,230,,L5
2009,98,09EDV-2,N,166,,L4
2009,98,09EDV-2,N,166,,L4
2009,99,09EDV-1,N,230,,L5
2009,99,09EDV-1,N,230,,L5
2009,1,9EC13BS1,N,212,,L6
2009,1,9EC13BS1,N,212,,L6
2009,1,9EC13B31,N,232,,M6
2009,1,9EC13B31,N,232,,M6
2009,1,9EC13B31,N,232,,M6
2009,1,9EC13B31,N,232,,M6
2009,1,9EC13BS1,N,212,,M6
2009,1,9EC13BS1,N,212,,M6
2009,2,9ECL3TS1,N,244,,L6
2009,2,9ECL3TS1,N,244,,L6
2009,2,8ECL3TG1,N,244,,L6
2009,2,8ECL3TG1,N,244,,L6
2009,3,8J53-3.7-H-702,N,273,,L6
2009,3,8J53-3.7-H-702,N,273,,L6
2009,3,8J53-3.7-E-701,N,273,,L6
2009,3,8J53-3.7-E-701,N,273,,L6
2009,4,9ECL5XS1,N,168,,L5
2009,4,9ECL5XS1,N,168,,L5
2009,4,9ECL5XS1,N,168,,L5
2009,4,9ECL5XS1,N,168,,L5
2009,4,9EFL5XS1,N,170,,L5
2009,4,9EFL5XS1,N,170,,L5
2009,4,9EFL5XS1,N,170,,L5
2009,4,9EFL5XS1,N,170,,L5
2009,4,9EFL5XS1,N,170,,L5
2009,4,9ECL5X31,N,170,,M6
2009,4,9ECL5X31,N,170,,M6
2009,4,9ECL5X31,N,170,,M6
2009,4,9ECL5X31,N,170,,M6
2009,4,9ECL5X31,N,170,,M6
2009,5,9BD3-3.7-H-642,N,272,,L6
2009,5,9BD3-3.7-H-642,N,272,,L6
2009,5,9BD3-3.7-H-642,N,272,,L6
2009,5,9BD3-3.7-H-642,N,272,,L6
2009,6,6ECLFXS1,N,145,,L4
2009,6,6ECLFXS1,N,145,,L4
2009,6,6EFLFXS1,N,150,,L4
2009,6,6EFLFXS1,N,150,,L4
2009,6,8ECLFXS1,N,144,,L4
2009,6,8ECLFXS1,N,144,,L4
2009,6,8EFLFXS1,N,148,,L4
2009,6,8EFLFXS1,N,148,,L4
2009,6,6ECLFX21,N,145,,M5
2009,6,6ECLFX21,N,145,,M5
2009,6,6EFLFX21,N,150,,M5
2009,6,6EFLFX21,N,150,,M5
2009,6,8ECLFX21,N,144,,M5
2009,6,8ECLFX21,N,144,,M5
2009,6,8EFLFX21,N,148,,M5
2009,6,8EFLFX21,N,148,,M5
2009,7,6ECL3XS2,N,153,,L5
2009,7,6ECL3XS2,N,153,,L5
2009,7,6ECL3XS2,N,153,,L5
2009,7,6ECL3XS2,N,153,,L5
2009,7,6EFL3XS2,N,160,,L5
2009,7,6EFL3XS2,N,160,,L5
2009,7,6EFL3XS2,N,160,,L5
2009,7,6EFL3XS2,N,160,,L5
2009,7,6EFL3XS2,N,160,,L5
2009,7,6EFL3XS2,N,160,,L5
2009,7,8ECL3XS2,N,151,,L5
2009,7,8ECL3XS2,N,151,,L5
2009,7,6ECL3X22,N,153,,M5
2009,7,6ECL3X22,N,153,,M5
2009,7,6EFL3X22,N,160,,M5
2009,7,6EFL3X22,N,160,,M5
2009,7,7ECL3X21,N,151,,M5
2009,7,7ECL3X21,N,151,,M5
2009,7,7ECL3X21,N,151,,M5
2009,7,7ECL3X21,N,151,,M5
2009,7,7EFL3X21,N,156,,M5
2009,7,7EFL3X21,N,156,,M5
2009,7,7EFL3X21,N,156,,M5
2009,7,7EFL3X21,N,156,,M5
2009,8,7ECL3T32,N,263,,M6
2009,8,7ECL3T32,N,263,,M6
2009,8,7EFL3T32,N,263,,M6
2009,8,7EFL3T32,N,263,,M6
2009,8,7EFL3T32,N,263,,M6
2009,9,8ECL3XS1,N,153,,L5
2009,9,8ECL3XS1,N,153,,L5
2009,9,8ECL3X21,N,153,,M5
2009,9,8ECL3X21,N,153,,M5
2009,1,06-NP2A,N,106,,L4
2009,1,06-NP2A,N,106,,L4
2009,1,06-NP2A,N,106,,L4
2009,1,06-NP2A,N,106,,L4
2009,1,06-NP2A,N,106,,L4
2009,1,06-NP2A,N,106,,L4
2009,1,06-NP2M,N,106,,M5
2009,1,06-NP2M,N,106,,M5
2009,1,06-NP2M,N,106,,M5
2009,1,06-NP2M,N,106,,M5
2009,1,06-NP2M,N,106,,M5
2009,1,06-NP2M,N,106,,M5
2009,2,04-NHW2,N,76,,AV
2009,2,04-NHW2,N,76,,AV
2009,3,09-ZE2A,N,132,,L4
2009,3,09-ZE2A,N,132,,L4
2009,3,09-ZE1M,N,132,,M5
2009,3,09-ZE1M,N,132,,M5
2009,4,09-ZE3A,N,132,,L4
2009,4,09-ZE3A,N,132,,L4
2009,4,09-ZE3A,N,132,,L4
2009,4,09-ZE3A,N,132,,L4
2009,4,09-ZE1M,N,132,,M5
2009,4,09-ZE1M,N,132,,M5
2009,4,09-ZE1M,N,132,,M5
2009,4,09-ZE1M,N,132,,M5
2009,5,08-ZP1A,N,128,,L4
2009,5,08-ZP1A,N,128,,L4
2009,5,08-ZP1M,N,128,,M5
2009,5,08-ZP1M,N,128,,M5
2009,6,07-AV2A,N,158,,L5
2009,6,07-AV2A,N,158,,L5
2009,6,07-AV2A,N,158,,L5
2009,6,07-AV2A,N,158,,L5
2009,6,07-AV3A,N,155,,L5
2009,6,07-AV3A,N,155,,L5
2009,6,07-AV1M,N,158,,M5
2009,6,07-AV1M,N,158,,M5
2009,6,09-AE2A,N,158,,L5
2009,6,09-AE2A,N,158,,L5
2009,6,09-AE1M,N,158,,M5
2009,6,09-AE1M,N,158,,M5
2009,7,09-AE1A,N,158,,L4
2009,7,09-AE1A,N,158,,L4
2009,7,09-AE1A,N,158,,L4
2009,7,09-AE1A,N,158,,L4
2009,7,09-AE2A,N,158,,L5
2009,7,09-AE2A,N,158,,L5
2009,7,09-AE2A,N,158,,L5
2009,7,09-AE2A,N,158,,L5
2009,7,09-AE2A,N,158,,L5
2009,7,09-AE2A,N,158,,L5
2009,7,09-AE1M,N,158,,M5
2009,7,09-AE1M,N,158,,M5
2009,7,09-AE1M,N,158,,M5
2009,7,09-AE1M,N,158,,M5
2009,7,09-AE1M,N,158,,M5
2009,7,09-AE1M,N,158,,M5
2009,8,08-AE1A,N,158,,L4
2009,8,08-AE1A,N,158,,L4
2009,8,08-AE1M,N,158,,M5
2009,8,08-AE1M,N,158,,M5
2009,8,08-AE1M,N,158,,M5
2009,8,08-AE1M,N,158,,M5
2009,8,08-AE1M,N,158,,M5
2009,9,07-AT1A,N,161,,L4
2009,9,07-AT1A,N,161,,L4
2009,9,07-AT1M,N,161,,M5
2009,9,07-AT1M,N,161,,M5
2009,10,07-GV1A,N,268,,L6
2009,10,07-GV1A,N,268,,L6
2009,12,07-GV1A,N,272,,L6
2009,12,07-GV1A,N,272,,L6
2009,13,07-AV4H,N,147,,AV
2009,13,07-AV4H,N,147,,AV
2009,13,07-AV4H,N,147,,AV
2009,14,06-GE1A,N,204,,L6
2009,14,06-GE1A,N,204,,L6
2009,14,06-GE1M,N,204,,M6
2009,14,06-GE1M,N,204,,M6
2009,14,06-GE1M,N,204,,M6
2009,14,06-GE1M,N,204,,M6
2009,14,06-GE2A,N,204,,L6
2009,14,06-GE2A,N,204,,L6
2009,14,06-GE2A,N,204,,L6
2009,14,06-GE2A,N,204,,L6
2009,15,06-GE3A,N,306,,L6
2009,15,06-GE3A,N,306,,L6
2009,15,06-GE3A,N,306,,L6
2009,15,06-GE3A,N,306,,L6
2009,15,06-GE3A,N,306,,L6
2009,16,07-GS1H,N,292,,AV
2009,16,07-GS1H,N,292,,AV
2009,16,07-GS1H,N,292,,AV
2009,17,07-GS1A,N,303,,L6
2009,17,07-GS1A,N,303,,L6
2009,17,07-GS1A,N,303,,L6
2009,17,07-GS1A,N,303,,L6
2009,17,07-GS1A,N,303,,L6
2009,17,07-GS1A,N,303,,L6
2009,17,07-GS1A,N,303,,L6
2009,17,07-GS1A,N,303,,L6
2009,18,06-UZ1A,N,288,,L6
2009,18,06-UZ1A,N,288,,L6
2009,18,06-UZ1A,N,288,,L6
2009,18,06-UZ1A,N,288,,L6
2009,19,07-UF1A,N,342,,L8
2009,19,07-UF1A,N,342,,L8
2009,19,07-UF1A,N,342,,L8
2009,19,07-UF1A,N,342,,L8
2009,19,07-UF1A,N,380,,L8
2009,19,07-UF1A,N,380,,L8
2009,19,07-UF1A,N,380,,L8
2009,19,07-UF1A,N,380,,L8
2009,19,07-UF1A,N,380,,L8
2009,19,07-UF1A,N,380,,L8
2009,19,07-UF1A,N,380,,L8
2009,19,07-UF1A,N,380,,L8
2009,19,09-UF1A,N,380,,L8
2009,19,09-UF1A,N,380,,L8
2009,19,09-UF1A,N,380,,L8
2009,19,09-UF1A,N,380,,L8
2009,19,09-UF1A,N,380,,L8
2009,19,09-UF1A,N,380,,L8
2009,19,09-UF1A,N,380,,L8
2009,19,09-UF1A,N,380,,L8
2009,20,08-UE2A,N,416,,L8
2009,20,08-UE2A,N,416,,L8
2009,20,08-UE2A,N,416,,L8
2009,20,08-UE2A,N,416,,L8
2009,21,08-UF2H,N,389,,AV
2009,21,08-UF2H,N,389,,AV
2009,21,08-UF2H,N,389,,AV
2009,21,08-UF2H,N,389,,AV
2009,21,08-UF2H,N,389,,AV
2009,21,08-UF2H,N,389,,AV
2009,22,09-AA1A,N,180,,L4
2009,22,09-AA1A,N,180,,L4
2009,22,09-AA2A,N,180,,L4
2009,22,09-AA2A,N,180,,L4
2009,22,09-AA2A,N,180,,L4
2009,22,09-AA2A,N,180,,L4
2009,25,07-MU1A,N,270,,L5
2009,25,07-MU1A,N,270,,L5
2009,25,07-MU2A,N,270,,L5
2009,25,07-MU2A,N,270,,L5
2009,26,08-GU2A,N,270,,L5
2009,26,08-GU2A,N,270,,L5
2009,26,08-GU2A,N,270,,L5
2009,26,08-GU2A,N,270,,L5
2009,26,06-GA2A,N,269,,L5
2009,26,06-GA2A,N,269,,L5
2009,26,06-GA2A,N,269,,L5
2009,26,06-GA2A,N,269,,L5
2009,26,06-GA2A,N,269,,L5
2009,26,06-GA2A,N,269,,L5
2009,26,06-GA2A,N,269,,L5
2009,26,06-GA2A,N,269,,L5
2009,26,07-GL2A,N,266,,L5
2009,26,07-GL2A,N,266,,L5
2009,26,07-GL1A,N,266,,L5
2009,26,07-GL1A,N,266,,L5
2009,27,09-GV1A,N,268,,L6
2009,27,09-GV1A,N,268,,L6
2009,27,09-GV1A,N,268,,L6
2009,27,09-GV1A,N,268,,L6
2009,28,08-MU1H,N,208,,AV
2009,28,08-MU1H,N,208,,AV
2009,28,08-MU1H,N,208,,AV
2009,28,08-MU1H,N,208,,AV
2009,29,07-TN1A,N,159,,L4
2009,29,07-TN1A,N,159,,L4
2009,29,07-TN1A,N,159,,L4
2009,29,07-TN1A,N,159,,L4
2009,29,07-TN2M,N,159,,M5
2009,29,07-TN2M,N,159,,M5
2009,29,07-TN2M,N,159,,M5
2009,29,07-TN2M,N,159,,M5
2009,29,07-TN1M,N,159,,M5
2009,29,07-TN1M,N,159,,M5
2009,30,05-GRN2,N,236,,L5
2009,30,05-GRN2,N,236,,L5
2009,30,05-GRN1,N,236,,M6
2009,30,05-GRN1,N,236,,M6
2009,30,05-GRN2,N,236,,L5
2009,30,05-GRN2,N,236,,L5
2009,30,05-GRN1,N,236,,M6
2009,30,05-GRN1,N,236,,M6
2009,31,05-GRN5,N,236,,L5
2009,31,05-GRN5,N,236,,L5
2009,31,05-GRN5,N,236,,L5
2009,31,05-GRN5,N,236,,L5
2009,31,05-GRN5,N,236,,L5
2009,31,05-GRN5,N,236,,L5
2009,31,05-GRN5,N,236,,L5
2009,31,07-GK1A,N,236,,L5
2009,31,07-GK1A,N,236,,L5
2009,31,07-GK1A,N,236,,L5
2009,31,07-GK1A,N,236,,L5
2009,32,05-UZN1,N,260,,L5
2009,32,05-UZN1,N,260,,L5
2009,32,05-UZN2,N,260,,L5
2009,32,05-UZN2,N,260,,L5
2009,32,07-UK2A,N,276,,L5
2009,32,07-UK2A,N,276,,L5
2009,32,07-UK2A,N,276,,L5
2009,32,07-UK2A,N,276,,L5
2009,32,07-UK1A,N,276,,L5
2009,32,07-UK1A,N,276,,L5
2009,32,07-UK2A,N,276,,L5
2009,32,07-UK2A,N,276,,L5
2009,32,07-UK2A,N,276,,L5
2009,32,07-UK2A,N,276,,L5
2009,32,07-UK1A,N,276,,L5
2009,32,07-UK1A,N,276,,L5
2009,32,07-UK1A,N,276,,L5
2009,32,07-UK1A,N,276,,L5
2009,32,07-UK1A,N,276,,L5
2009,32,07-UK1A,N,276,,L5
2009,33,05-UZJ1,N,263,,L5
2009,33,05-UZJ1,N,263,,L5
2009,34,08-UJ1A,N,381,,L6
2009,34,08-UJ1A,N,381,,L6
2009,34,08-UJ1A,N,381,,L6
2009,34,08-UJ1A,N,381,,L6
2009,34,08-UJ1A,N,383,,L6
2009,34,08-UJ1A,N,383,,L6
2009,34,08-UJ1A,N,383,,L6
2009,34,08-UJ1A,N,383,,L6
2009,34,07-SK2A,N,381,,L6
2009,34,07-SK2A,N,381,,L6
2009,34,07-SK2A,N,381,,L6
2009,34,07-SK1A,N,381,,L6
2009,34,07-SK1A,N,381,,L6
2009,34,07-SK2A,N,381,,L6
2009,34,07-SK2A,N,381,,L6
2009,34,07-SK2A,N,381,,L6
2009,34,07-SK2A,N,381,,L6
2009,34,07-SK2A,N,381,,L6
2009,34,07-SK2A,N,381,,L6
2009,34,07-SK2A,N,381,,L6
2009,34,07-SK2A,N,381,,L6
2009,34,07-SK1A,N,381,,L6
2009,34,07-SK1A,N,381,,L6
2009,34,07-SK1A,N,381,,L6
2009,34,07-SK1A,N,381,,L6
2009,35,09-SK1A,N,381,,L6
2009,35,09-SK1A,N,381,,L6
2009,35,09-SK1A,N,381,,L6
2009,35,09-SK1A,N,381,,L6
2009,36,09-SK1A,N,381,,L6
2009,36,09-SK1A,N,381,,L6
2009,36,09-SK1A,N,381,,L6
2009,36,09-SK1A,N,381,,L6
2009,37,09-SK2A,N,381,,L6
2009,37,09-SK2A,N,381,,L6
2009,37,09-SK2A,N,381,,L6
2009,37,09-SK2A,N,381,,L6
2009,38,09-SK2A,N,381,,L6
2009,38,09-SK2A,N,381,,L6
2009,38,09-SK2A,N,381,,L6
2009,38,09-SK2A,N,381,,L6
2009,38,09-SK2A,N,381,,L6
2009,38,09-SK2A,N,381,,L6
2009,1,N09-ZE3A,N,132,,L4
2009,1,N09-ZE3A,N,132,,L4
2009,1,N09-ZE1M,N,132,,M5
2009,1,N09-ZE1M,N,132,,M5
2009,2,N09-AE1A,N,158,,L4
2009,2,N09-AE1A,N,158,,L4
2009,2,N09-AE1A,N,158,,L4
2009,2,N09-AE1A,N,158,,L4
2009,2,N09-AE2A,N,158,,L5
2009,2,N09-AE2A,N,158,,L5
2009,2,N09-AE1M,N,158,,M5
2009,2,N09-AE1M,N,158,,M5
2009,5,351 750 100/05,N,150,,L6
2009,5,351 750 100/05,N,150,,L6
2009,5,351 750 101/05,N,150,,L6
2009,5,351 750 101/05,N,150,,L6
2009,5,351 750 178/05,N,150,,M5
2009,5,351 750 178/05,N,150,,M5
2009,5,351 750 183/05,N,150,,M5
2009,5,351 750 183/05,N,150,,M5
2009,5,351 750 100/05,N,150,,L6
2009,5,351 750 100/05,N,150,,L6
2009,5,351 750 101/05,N,150,,L6
2009,5,351 750 101/05,N,150,,L6
2009,5,351 750 178/05,N,150,,M5
2009,5,351 750 178/05,N,150,,M5
2009,5,351 750 183/05,N,150,,M5
2009,5,351 750 183/05,N,150,,M5
2009,13,VW351 780169/09,N,140,,L6
2009,13,VW351 780169/09,N,140,,L6
2009,13,VW351 780169/09,N,140,,L6
2009,13,VW351 780169/09,N,140,,L6
2009,13,VW351 780164/09,N,140,,M6
2009,13,VW351 780164/09,N,140,,M6
2009,20,352 790 001/09,N,170,,L6
2009,20,352 790 001/09,N,170,,L6
2009,20,350 790 039/09,N,170,,M5
2009,20,350 790 039/09,N,170,,M5
2009,20,350 780 030 / 08,N,170,,L6
2009,20,350 780 030 / 08,N,170,,L6
2009,20,350 780 031 / 08,N,170,,L6
2009,20,350 780 031 / 08,N,170,,L6
2009,20,350 790 038/09,N,170,,L6
2009,20,350 790 038/09,N,170,,L6
2009,20,350 790 038/09,N,170,,L6
2009,20,350 790 038/09,N,170,,L6
2009,20,352 790 001/09,N,170,,L6
2009,20,352 790 001/09,N,170,,L6
2009,20,350 780 028 / 08,N,170,,M5
2009,20,350 780 028 / 08,N,170,,M5
2009,20,350 780 029 / 08,N,170,,M5
2009,20,350 780 029 / 08,N,170,,M5
2009,20,350 790 037/09,N,170,,M5
2009,20,350 790 037/09,N,170,,M5
2009,20,350 790 037/09,N,170,,M5
2009,20,350 790 037/09,N,170,,M5
2009,20,350 790 037/09,N,170,,M5
2009,20,350 790 037/09,N,170,,M5
2009,20,350 790 037/09,N,170,,M5
2009,20,350 790 037/09,N,170,,M5
2009,20,350 790 039/09,N,170,,M5
2009,20,350 790 039/09,N,170,,M5
2009,20,350 790 038/09,N,170,,L6
2009,20,350 790 038/09,N,170,,L6
2009,20,352 790 001/09,N,170,,L6
2009,20,352 790 001/09,N,170,,L6
2009,20,350 790 039/09,N,170,,M5
2009,20,350 790 039/09,N,170,,M5
2009,20,350 790 039/09,N,170,,M5
2009,20,350 790 039/09,N,170,,M5
2009,21,352 790 001/09,N,170,,L6
2009,21,352 790 001/09,N,170,,L6
2009,21,350 790 039/09,N,170,,M5
2009,21,350 790 039/09,N,170,,M5
2009,21,350 780 030 / 08,N,170,,L6
2009,21,350 780 030 / 08,N,170,,L6
2009,21,350 780 031 / 08,N,170,,L6
2009,21,350 780 031 / 08,N,170,,L6
2009,21,350 790 038/09,N,170,,L6
2009,21,350 790 038/09,N,170,,L6
2009,21,350 790 038/09,N,170,,L6
2009,21,350 790 038/09,N,170,,L6
2009,21,352 790 001/09,N,170,,L6
2009,21,352 790 001/09,N,170,,L6
2009,21,350 780 028 / 08,N,170,,M5
2009,21,350 780 028 / 08,N,170,,M5
2009,21,350 780 029 / 08,N,170,,M5
2009,21,350 780 029 / 08,N,170,,M5
2009,21,350 790 037/09,N,170,,M5
2009,21,350 790 037/09,N,170,,M5
2009,21,350 790 037/09,N,170,,M5
2009,21,350 790 037/09,N,170,,M5
2009,21,350 790 037/09,N,170,,M5
2009,21,350 790 037/09,N,170,,M5
2009,21,350 790 037/09,N,170,,M5
2009,21,350 790 037/09,N,170,,M5
2009,21,350 790 039/09,N,170,,M5
2009,21,350 790 039/09,N,170,,M5
2009,21,350 790 038/09,N,170,,L6
2009,21,350 790 038/09,N,170,,L6
2009,21,352 790 001/09,N,170,,L6
2009,21,352 790 001/09,N,170,,L6
2009,21,350 790 039/09,N,170,,M5
2009,21,350 790 039/09,N,170,,M5
2009,21,350 790 039/09,N,170,,M5
2009,21,350 790 039/09,N,170,,M5
2009,30,AU 716 6-0443/07,N,280,,L6
2009,30,AU 716 6-0443/07,N,280,,L6
2009,30,756 6-0010/07,N,280,,L6
2009,30,756 6-0010/07,N,280,,L6
2009,33,VW461 90122/09,N,280,,L6
2009,33,VW461 90122/09,N,280,,L6
2009,33,VW461 90122/09,N,280,,L6
2009,33,VW461 90122/09,N,280,,L6
2009,34,VW461 90122/09,N,280,,L6
2009,34,VW461 90122/09,N,280,,L6
2009,34,VW461 90122/09,N,280,,L6
2009,34,VW461 90122/09,N,280,,L6
2009,36,6535-AAQ,N,250,,L6
2009,36,6535-AAQ,N,250,,L6
2009,36,AU354-80003/08,N,250,,L6
2009,36,AU354-80003/08,N,250,,L6
2009,36,AU354-80003/08,N,250,,L6
2009,36,AU354-80003/08,N,250,,L6
2009,36,AU354-80002/08,N,250,,M6
2009,36,AU354-80002/08,N,250,,M6
2009,36,AU354-80003/08,N,250,,L6
2009,36,AU354-80003/08,N,250,,L6
2009,36,AU354-80003/08,N,250,,L6
2009,36,AU354-80003/08,N,250,,L6
2009,36,AU354-80002/08,N,250,,M6
2009,36,AU354-80002/08,N,250,,M6
2009,1,200901,N,281,,L6
2009,1,200901,N,281,,L6
2009,1,200901,N,281,,L6
2009,1,200901,N,281,,L6
2009,1,200903,N,281,,L6
2009,1,200903,N,281,,L6
2009,2,200710,N,257,,L5
2009,2,200710,N,257,,L5
2009,2,200814,N,257,,L5
2009,2,200814,N,257,,L5
2009,3,200808,N,227,,L5
2009,3,200808,N,227,,L5
2009,3,200809,N,227,,M6
2009,3,200809,N,227,,M6
2009,3,200808,N,227,,L5
2009,3,200808,N,227,,L5
2009,3,200809,N,227,,M6
2009,3,200809,N,227,,M6
2009,3,200813,N,227,,L5
2009,3,200813,N,227,,L5
2009,3,200810,N,227,,M6
2009,3,200810,N,227,,M6
2009,3,200802,N,208,,L5
2009,3,200802,N,208,,L5
2009,3,200802,N,208,,L5
2009,3,200802,N,208,,L5
2009,3,200802,N,208,,L5
2009,3,200804,N,208,,L5
2009,3,200804,N,208,,L5
2009,5,200805,N,281,,L6
2009,5,200805,N,281,,L6
2009,5,200805,N,281,,L6
2009,5,200805,N,281,,L6
2009,8,200703,N,165,,L5
2009,8,200703,N,165,,L5
2009,8,200806,N,168,,L5
2009,8,200806,N,168,,L5
2009,8,200801,N,168,,M5
2009,8,200801,N,168,,M5
2009,8,200806,N,168,,L5
2009,8,200806,N,168,,L5
2009,11,200521,N,311,,L6
2009,11,200521,N,311,,L6
2009,11,200713,N,311,,L6
2009,11,200713,N,311,,L6
2009,13,200717,N,311,,L6
2009,13,200717,N,311,,L6
2009,13,200717,N,311,,L6
2009,13,200717,N,311,,L6
2009,15,200812,N,235,,L6
2009,15,200812,N,235,,L6
2009,15,200906,N,235,,L6
2009,15,200906,N,235,,L6
2009,15,200803,N,235,,L6
2009,15,200803,N,235,,L6
2009,15,200905,N,235,,L6
2009,15,200905,N,235,,L6
2009,15,200905,N,235,,L6
2009,15,200905,N,235,,L6
2009,15,200904,N,235,,L6
2009,15,200904,N,235,,L6
2009,15,200904,N,235,,L6
2009,15,200904,N,235,,L6
2009,17,200902,N,235,,L6
2009,17,200902,N,235,,L6
2009,17,200902,N,235,,L6
2009,17,200902,N,235,,L6
2009,1,VW416 8-0217/09,N,200,,L6
2009,1,VW416 8-0217/09,N,200,,L6
2009,1,VW416 8-0217/09,N,200,,L6
2009,1,VW416 8-0217/09,N,200,,L6
2009,1,VW416 8-0217/09,N,200,,L6
2009,1,VW416 8-0217/09,N,200,,L6
2009,1,VW416 8-0217/09,N,200,,L6
2009,1,VW416 8-0218/09,N,200,,M6
2009,1,VW416 8-0218/09,N,200,,M6
2009,6,83PA-AAF,N,200,,L6
2009,6,83PA-AAF,N,200,,L6
2009,6,83UA-AAF,N,200,,L6
2009,6,83UA-AAF,N,200,,L6
2009,6,83PA-AAF,N,200,,L6
2009,6,83PA-AAF,N,200,,L6
2009,6,83UA-AAF,N,200,,L6
2009,6,83UA-AAF,N,200,,L6
2009,6,83PA-AAF,N,200,,L6
2009,6,83PA-AAF,N,200,,L6
2009,6,83UA-AAF,N,200,,L6
2009,6,83UA-AAF,N,200,,L6
2009,7,VW465 790008/09,N,200,,M6
2009,7,VW465 790008/09,N,200,,M6
2009,7,83PA-AMF,N,200,,M6
2009,7,83PA-AMF,N,200,,M6
2009,7,83UA-AMF,N,200,,M6
2009,7,83UA-AMF,N,200,,M6
2009,7,83PA-AMF,N,200,,M6
2009,7,83PA-AMF,N,200,,M6
2009,7,83UA-AMF,N,200,,M6
2009,7,83UA-AMF,N,200,,M6
2009,7,83PA-AMF,N,200,,M6
2009,7,83PA-AMF,N,200,,M6
2009,7,83UA-AMF,N,200,,M6
2009,7,83UA-AMF,N,200,,M6
2009,7,VW462 8-0062/08,N,200,,M6
2009,7,VW462 8-0062/08,N,200,,M6
2009,8,VW462 8-0066/08,N,200,,L6
2009,8,VW462 8-0066/08,N,200,,L6
2009,8,VW462 8-0066/08,N,200,,L6
2009,8,VW462 8-0066/08,N,200,,L6
2009,9,VW462 8-0066/08,N,200,,L6
2009,9,VW462 8-0066/08,N,200,,L6
2009,9,VW462 8-0066/08,N,200,,L6
2009,9,VW462 8-0066/08,N,200,,L6
2009,10,83PA-AAF,N,200,,L6
2009,10,83PA-AAF,N,200,,L6
2009,10,83UA-AAF,N,200,,L6
2009,10,83UA-AAF,N,200,,L6
2009,10,83PA-AAF,N,200,,L6
2009,10,83PA-AAF,N,200,,L6
2009,10,83UA-AAF,N,200,,L6
2009,10,83UA-AAF,N,200,,L6
2009,10,83PA-AAF,N,200,,L6
2009,10,83PA-AAF,N,200,,L6
2009,10,83UA-AAF,N,200,,L6
2009,10,83UA-AAF,N,200,,L6
2009,11,VW465 790008/09,N,200,,M6
2009,11,VW465 790008/09,N,200,,M6
2009,11,83PA-AMF,N,200,,M6
2009,11,83PA-AMF,N,200,,M6
2009,11,83UA-AMF,N,200,,M6
2009,11,83UA-AMF,N,200,,M6
2009,11,83PA-AMF,N,200,,M6
2009,11,83PA-AMF,N,200,,M6
2009,11,83UA-AMF,N,200,,M6
2009,11,83UA-AMF,N,200,,M6
2009,11,83PA-AMF,N,200,,M6
2009,11,83PA-AMF,N,200,,M6
2009,11,83UA-AMF,N,200,,M6
2009,11,83UA-AMF,N,200,,M6
2009,11,VW462 8-0062/08,N,200,,M6
2009,11,VW462 8-0062/08,N,200,,M6
2009,12,6366-AAF,N,200,,L6
2009,12,6366-AAF,N,200,,L6
2009,12,6366-AAF,N,200,,L6
2009,12,6366-AAF,N,200,,L6
2009,14,93UD-TAQ,N,350,,L6
2009,14,93UD-TAQ,N,350,,L6
2009,14,93UD-TAQ,N,350,,L6
2009,14,93UD-TAQ,N,350,,L6
2009,15,93UA-AAQ,N,200,,L6
2009,15,93UA-AAQ,N,200,,L6
2009,15,93UA-TAQ,N,200,,L6
2009,15,93UA-TAQ,N,200,,L6
2009,15,93UA-TTS,N,265,,L6
2009,15,93UA-TTS,N,265,,L6
2009,15,93UA-TAQ,N,200,,L6
2009,15,93UA-TAQ,N,200,,L6
2009,15,93UA-TTS,N,265,,L6
2009,15,93UA-TTS,N,265,,L6
2009,16,83PA-AAF,N,200,,L6
2009,16,83PA-AAF,N,200,,L6
2009,16,83UA-AAF,N,200,,L6
2009,16,83UA-AAF,N,200,,L6
2009,16,83PA-AMF,N,200,,M6
2009,16,83PA-AMF,N,200,,M6
2009,16,83UA-AMF,N,200,,M6
2009,16,83UA-AMF,N,200,,M6
2009,18,93UA-AAQ,N,200,,L6
2009,18,93UA-AAQ,N,200,,L6
2009,18,93UA-TAQ,N,200,,L6
2009,18,93UA-TAQ,N,200,,L6
2009,18,93UA-TTS,N,265,,L6
2009,18,93UA-TTS,N,265,,L6
2009,18,93UA-TAQ,N,200,,L6
2009,18,93UA-TAQ,N,200,,L6
2009,18,93UA-TTS,N,265,,L6
2009,18,93UA-TTS,N,265,,L6
2009,19,83PA-AAF,N,200,,L6
2009,19,83PA-AAF,N,200,,L6
2009,19,83UA-AAF,N,200,,L6
2009,19,83UA-AAF,N,200,,L6
2009,19,83PA-AMF,N,200,,M6
2009,19,83PA-AMF,N,200,,M6
2009,19,83UA-AMF,N,200,,M6
2009,19,83UA-AMF,N,200,,M6
2009,22,9LR8-RAQ,N,560,,L6
2009,22,9LR8-RAQ,N,560,,L6
2009,22,9LR8-RMQ,N,560,,M6
2009,22,9LR8-RMQ,N,560,,M6
2009,22,9LR8-RAQ,N,560,,L6
2009,22,9LR8-RAQ,N,560,,L6
2009,22,9LR8-RMQ,N,560,,M6
2009,22,9LR8-RMQ,N,560,,M6
2009,23,9LR8-RAQ,N,560,,L6
2009,23,9LR8-RAQ,N,560,,L6
2009,23,9LR8-RMQ,N,560,,M6
2009,23,9LR8-RMQ,N,560,,M6
2009,23,9LR8-RAQ,N,560,,L6
2009,23,9LR8-RAQ,N,560,,L6
2009,23,9LR8-RMQ,N,560,,M6
2009,23,9LR8-RMQ,N,560,,M6
2009,24,83LC-BAQ,N,265,,L6
2009,24,83LC-BAQ,N,265,,L6
2009,24,83LC-BAQ,N,265,,L6
2009,24,83LC-BAQ,N,265,,L6
2009,24,83LC-BMQ,N,265,,M6
2009,24,83LC-BMQ,N,265,,M6
2009,25,83LC-BAQ,N,265,,L6
2009,25,83LC-BAQ,N,265,,L6
2009,25,83LC-BAQ,N,265,,L6
2009,25,83LC-BAQ,N,265,,L6
2009,25,83LC-BMQ,N,265,,M6
2009,25,83LC-BMQ,N,265,,M6
2009,26,8375-RAQ,N,420,,L6
2009,26,8375-RAQ,N,420,,L6
2009,26,8375-RAQ,N,420,,L6
2009,26,8375-RMQ,N,420,,M6
2009,26,8375-RMQ,N,420,,M6
2009,27,VW465 790007/09,N,200,,L6
2009,27,VW465 790007/09,N,200,,L6
2009,28,VW465 790007/09,N,200,,L6
2009,28,VW465 790007/09,N,200,,L6
2009,31,7365-CAQ,N,350,,L6
2009,31,7365-CAQ,N,350,,L6
2009,31,7365-DAQ,N,350,,L6
2009,31,7365-DAQ,N,350,,L6
2009,31,8365-BAQ,N,354,,L6
2009,31,8365-BAQ,N,354,,L6
2009,31,8365-BMQ,N,354,,M6
2009,31,8365-BMQ,N,354,,M6
2009,32,8365-BAQ,N,354,,L6
2009,32,8365-BAQ,N,354,,L6
2009,32,8365-BMQ,N,354,,M6
2009,32,8365-BMQ,N,354,,M6
2009,35,93UB-BAF,N,211,,AV
2009,35,93UB-BAF,N,211,,AV
2009,35,93UB-BAQ,N,211,,L6
2009,35,93UB-BAQ,N,211,,L6
2009,35,5352-BAF,N,200,,AV
2009,35,5352-BAF,N,200,,AV
2009,35,5352-BAQ,N,200,,L6
2009,35,5352-BAQ,N,200,,L6
2009,35,93UB-BAQ,N,211,,L6
2009,35,93UB-BAQ,N,211,,L6
2009,35,93UB-BMQ,N,211,,M6
2009,35,93UB-BMQ,N,211,,M6
2009,37,7385-CAQ,N,429,,L6
2009,37,7385-CAQ,N,429,,L6
2009,37,7385-DAQ,N,444,,L6
2009,37,7385-DAQ,N,444,,L6
2009,38,7355-BAQ,N,344,,L6
2009,38,7355-BAQ,N,344,,L6
2009,38,7355-BMQ,N,344,,M6
2009,38,7355-BMQ,N,344,,M6
2009,38,7355-BAQ,N,344,,S6
2009,38,7355-BAQ,N,344,,S6
2009,39,6374-BAQ,N,255,,L6
2009,39,6374-BAQ,N,255,,L6
2009,40,7359-DAQ,N,450,,L6
2009,40,7359-DAQ,N,450,,L6
2009,20,JBF-DR69,N,170,,M5
2009,20,JBF-DR69,N,170,,M5
2009,20,JBF-GP69,N,170,,M5
2009,20,JBF-GP69,N,170,,M5
2009,20,JBE-DR89,N,170,,S4
2009,20,JBE-DR89,N,170,,S4
2009,20,JBF-GP89,N,170,,S4
2009,20,JBF-GP89,N,170,,S4
2009,20,HBF-GK64,N,170,,M5
2009,20,HBF-GK64,N,170,,M5
2009,20,HBF-GK64,N,170,,M5
2009,20,HBF-GK64,N,170,,M5
2009,20,HBF-GK64,N,170,,M5
2009,20,HBF-GK64,N,170,,M5
2009,20,HBE-GK84,N,170,,S4
2009,20,HBE-GK84,N,170,,S4
2009,20,HBE-GK84,N,170,,S4
2009,20,HBE-GK84,N,170,,S4
2009,20,HBE-GK84,N,170,,S4
2009,20,HBE-GK84,N,170,,S4
2009,20,HBF-DF65,N,170,,M5
2009,20,HBF-DF65,N,170,,M5
2009,20,HBF-GF65,N,170,,M5
2009,20,HBF-GF65,N,170,,M5
2009,20,HBE-DF85,N,170,,S4
2009,20,HBE-DF85,N,170,,S4
2009,20,HBE-DF85,N,170,,S4
2009,20,HBE-DF85,N,170,,S4
2009,20,HBE-GF85,N,170,,S4
2009,20,HBE-GF85,N,170,,S4
2009,20,HBE-GF85,N,170,,S4
2009,20,HBE-GF85,N,170,,S4
2009,20,HBF-DF66,N,170,,M5
2009,20,HBF-DF66,N,170,,M5
2009,20,HBF-DF66,N,170,,M5
2009,20,HBF-DF66,N,170,,M5
2009,20,HBF-GF66,N,170,,M5
2009,20,HBF-GF66,N,170,,M5
2009,20,HBF-GF66,N,170,,M5
2009,20,HBF-GF66,N,170,,M5
2009,20,HBF-DF86,N,170,,S4
2009,20,HBF-DF86,N,170,,S4
2009,20,HBF-GF86,N,170,,S4
2009,20,HBF-GF86,N,170,,S4
2009,22,JBF-HS89,N,224,,S4
2009,22,JBF-HS89,N,224,,S4
2009,22,JBF-HA64,N,265,,M5
2009,22,JBF-HA64,N,265,,M5
2009,22,JBF-HA64,N,265,,M5
2009,22,HBE-HL84,N,224,,S4
2009,22,HBE-HL84,N,224,,S4
2009,22,JBF-HA64,N,265,,M5
2009,22,JBF-HA64,N,265,,M5
2009,22,HBF-HN75,N,305,,M6
2009,22,HBF-HN75,N,305,,M6
2009,22,HBE-HL84,N,224,,S4
2009,22,HBE-HL84,N,224,,S4
2009,22,HBF-HG64,N,243,,M5
2009,22,HBF-HG64,N,243,,M5
2009,22,HBF-HG74,N,243,,M6
2009,22,HBF-HG74,N,243,,M6
2009,22,HBF-HG94,N,243,,S5
2009,22,HBF-HG94,N,243,,S5
2009,22,HBF-HG66,N,243,,M5
2009,22,HBF-HG66,N,243,,M5
2009,22,HBE-HG96,N,243,,S5
2009,22,HBE-HG96,N,243,,S5
2009,30,HBF-FH94,N,245,,S5
2009,30,HBF-FH94,N,245,,S5
2009,30,HBE-FH96,N,245,,S5
2009,30,HBE-FH96,N,245,,S5
2009,40,HBE-FM99,N,256,,S5
2009,40,HBE-FM99,N,256,,S5
2009,17,EDV-07-147/148-P7,N,631,,M6
2009,17,EDV-07-147/148-P7,N,631,,M6
2009,17,EDV-07-147/148-P7,N,631,,M6
2009,17,EDV-07-147/148-P7,N,631,,M6
2009,17,FEDV-07-147/148-P7,N,631,,S6
2009,17,FEDV-07-147/148-P7,N,631,,S6
2009,17,FEDV-07-147/148-P7,N,631,,S6
2009,17,FEDV-07-147/148-P7,N,631,,S6
2009,123,16X5HV553A,N,103,,L4
2009,123,16X5HV553A,N,103,,L4
2009,175,16X5NV547M,N,103,,M5
2009,175,16X5NV547M,N,103,,M5
2009,175,16X5NV547M,N,103,,M5
2009,175,16X5NV547M,N,103,,M5
2009, Inc.",1,281,N,412,102
2009, Inc.",1,281,N,412,102
2009, Inc.",3,281,N,430,102
2009, Inc.",3,281,N,430,102
2009,1,EDV-07-SP02,N,344,,M6
2009,1,EDV-07-SP02,N,344,,M6
